customer_id,persona
1,sudden_churner
2,gradual_churner
3,casual
4,sudden_churner
5,loyal
6,sudden_churner
7,gradual_churner
8,gradual_churner
9,one_and_done
10,gradual_churner
11,casual
12,one_and_done
13,gradual_churner
14,gradual_churner
15,loyal
16,one_and_done
17,loyal
18,sudden_churner
19,loyal
20,one_and_done
21,loyal
22,casual
23,gradual_churner
24,sudden_churner
25,one_and_done
26,loyal
27,loyal
28,gradual_churner
29,loyal
30,sudden_churner
31,gradual_churner
32,casual
33,one_and_done
34,casual
35,gradual_churner
36,loyal
37,gradual_churner
38,loyal
39,one_and_done
40,gradual_churner
41,gradual_churner
42,loyal
43,one_and_done
44,casual
45,sudden_churner
46,sudden_churner
47,one_and_done
48,gradual_churner
49,casual
50,loyal
51,casual
52,casual
53,casual
54,casual
55,casual
56,casual
57,casual
58,casual
59,gradual_churner
60,sudden_churner
61,loyal
62,loyal
63,sudden_churner
64,loyal
65,casual
66,casual
67,sudden_churner
68,gradual_churner
69,loyal
70,gradual_churner
71,sudden_churner
72,gradual_churner
73,one_and_done
74,sudden_churner
75,one_and_done
76,casual
77,loyal
78,gradual_churner
79,sudden_churner
80,one_and_done
81,gradual_churner
82,gradual_churner
83,loyal
84,gradual_churner
85,gradual_churner
86,gradual_churner
87,one_and_done
88,casual
89,one_and_done
90,sudden_churner
91,one_and_done
92,loyal
93,loyal
94,gradual_churner
95,sudden_churner
96,casual
97,loyal
98,gradual_churner
99,casual
100,loyal
101,sudden_churner
102,one_and_done
103,gradual_churner
104,loyal
105,gradual_churner
106,sudden_churner
107,gradual_churner
108,loyal
109,loyal
110,one_and_done
111,one_and_done
112,casual
113,casual
114,casual
115,casual
116,casual
117,sudden_churner
118,loyal
119,casual
120,casual
121,one_and_done
122,one_and_done
123,casual
124,loyal
125,casual
126,gradual_churner
127,casual
128,loyal
129,sudden_churner
130,sudden_churner
131,gradual_churner
132,loyal
133,loyal
134,gradual_churner
135,sudden_churner
136,sudden_churner
137,gradual_churner
138,sudden_churner
139,one_and_done
140,one_and_done
141,casual
142,loyal
143,gradual_churner
144,loyal
145,loyal
146,loyal
147,sudden_churner
148,one_and_done
149,gradual_churner
150,casual
151,gradual_churner
152,gradual_churner
153,gradual_churner
154,casual
155,casual
156,casual
157,loyal
158,gradual_churner
159,one_and_done
160,sudden_churner
161,gradual_churner
162,one_and_done
163,casual
164,gradual_churner
165,loyal
166,gradual_churner
167,sudden_churner
168,casual
169,casual
170,sudden_churner
171,loyal
172,sudden_churner
173,casual
174,gradual_churner
175,one_and_done
176,gradual_churner
177,loyal
178,casual
179,one_and_done
180,casual
181,one_and_done
182,loyal
183,sudden_churner
184,casual
185,one_and_done
186,gradual_churner
187,loyal
188,sudden_churner
189,one_and_done
190,gradual_churner
191,loyal
192,loyal
193,casual
194,sudden_churner
195,loyal
196,one_and_done
197,casual
198,gradual_churner
199,one_and_done
200,loyal
201,casual
202,gradual_churner
203,loyal
204,one_and_done
205,casual
206,loyal
207,loyal
208,gradual_churner
209,sudden_churner
210,casual
211,one_and_done
212,gradual_churner
213,loyal
214,casual
215,casual
216,sudden_churner
217,sudden_churner
218,gradual_churner
219,casual
220,one_and_done
221,gradual_churner
222,sudden_churner
223,gradual_churner
224,gradual_churner
225,sudden_churner
226,gradual_churner
227,loyal
228,one_and_done
229,gradual_churner
230,loyal
231,casual
232,loyal
233,loyal
234,one_and_done
235,one_and_done
236,casual
237,casual
238,sudden_churner
239,gradual_churner
240,casual
241,loyal
242,gradual_churner
243,casual
244,casual
245,loyal
246,gradual_churner
247,casual
248,loyal
249,sudden_churner
250,loyal
251,one_and_done
252,casual
253,loyal
254,loyal
255,one_and_done
256,casual
257,gradual_churner
258,one_and_done
259,gradual_churner
260,casual
261,loyal
262,sudden_churner
263,loyal
264,loyal
265,casual
266,loyal
267,casual
268,one_and_done
269,sudden_churner
270,casual
271,sudden_churner
272,loyal
273,casual
274,sudden_churner
275,gradual_churner
276,loyal
277,one_and_done
278,sudden_churner
279,gradual_churner
280,sudden_churner
281,gradual_churner
282,sudden_churner
283,one_and_done
284,one_and_done
285,loyal
286,one_and_done
287,sudden_churner
288,one_and_done
289,one_and_done
290,gradual_churner
291,casual
292,gradual_churner
293,casual
294,loyal
295,gradual_churner
296,gradual_churner
297,gradual_churner
298,gradual_churner
299,one_and_done
300,casual
301,sudden_churner
302,casual
303,casual
304,loyal
305,casual
306,loyal
307,casual
308,gradual_churner
309,casual
310,loyal
311,loyal
312,gradual_churner
313,gradual_churner
314,sudden_churner
315,casual
316,one_and_done
317,casual
318,casual
319,gradual_churner
320,one_and_done
321,sudden_churner
322,gradual_churner
323,loyal
324,loyal
325,one_and_done
326,gradual_churner
327,one_and_done
328,sudden_churner
329,loyal
330,gradual_churner
331,sudden_churner
332,sudden_churner
333,gradual_churner
334,one_and_done
335,one_and_done
336,sudden_churner
337,gradual_churner
338,sudden_churner
339,gradual_churner
340,one_and_done
341,casual
342,gradual_churner
343,casual
344,loyal
345,loyal
346,loyal
347,gradual_churner
348,casual
349,sudden_churner
350,loyal
351,gradual_churner
352,gradual_churner
353,one_and_done
354,gradual_churner
355,casual
356,gradual_churner
357,gradual_churner
358,gradual_churner
359,sudden_churner
360,casual
361,sudden_churner
362,gradual_churner
363,casual
364,loyal
365,sudden_churner
366,casual
367,one_and_done
368,sudden_churner
369,loyal
370,casual
371,casual
372,gradual_churner
373,loyal
374,casual
375,casual
376,sudden_churner
377,one_and_done
378,sudden_churner
379,loyal
380,loyal
381,loyal
382,casual
383,casual
384,one_and_done
385,gradual_churner
386,casual
387,gradual_churner
388,sudden_churner
389,one_and_done
390,sudden_churner
391,gradual_churner
392,gradual_churner
393,gradual_churner
394,casual
395,casual
396,casual
397,loyal
398,gradual_churner
399,one_and_done
400,casual
401,gradual_churner
402,gradual_churner
403,loyal
404,one_and_done
405,one_and_done
406,gradual_churner
407,casual
408,gradual_churner
409,casual
410,loyal
411,one_and_done
412,one_and_done
413,casual
414,sudden_churner
415,casual
416,gradual_churner
417,casual
418,gradual_churner
419,sudden_churner
420,casual
421,one_and_done
422,casual
423,sudden_churner
424,casual
425,casual
426,sudden_churner
427,sudden_churner
428,casual
429,casual
430,gradual_churner
431,loyal
432,loyal
433,sudden_churner
434,gradual_churner
435,loyal
436,one_and_done
437,loyal
438,casual
439,loyal
440,loyal
441,one_and_done
442,gradual_churner
443,gradual_churner
444,gradual_churner
445,sudden_churner
446,casual
447,sudden_churner
448,casual
449,casual
450,gradual_churner
451,sudden_churner
452,casual
453,casual
454,loyal
455,loyal
456,sudden_churner
457,sudden_churner
458,gradual_churner
459,one_and_done
460,one_and_done
461,casual
462,casual
463,gradual_churner
464,casual
465,one_and_done
466,loyal
467,sudden_churner
468,loyal
469,casual
470,one_and_done
471,sudden_churner
472,gradual_churner
473,one_and_done
474,one_and_done
475,gradual_churner
476,sudden_churner
477,sudden_churner
478,casual
479,loyal
480,casual
481,gradual_churner
482,loyal
483,casual
484,gradual_churner
485,one_and_done
486,gradual_churner
487,gradual_churner
488,sudden_churner
489,loyal
490,one_and_done
491,loyal
492,loyal
493,casual
494,sudden_churner
495,one_and_done
496,sudden_churner
497,loyal
498,one_and_done
499,sudden_churner
500,sudden_churner
501,gradual_churner
502,sudden_churner
503,casual
504,gradual_churner
505,gradual_churner
506,one_and_done
507,gradual_churner
508,sudden_churner
509,loyal
510,loyal
511,casual
512,loyal
513,sudden_churner
514,sudden_churner
515,gradual_churner
516,casual
517,gradual_churner
518,gradual_churner
519,gradual_churner
520,gradual_churner
521,loyal
522,sudden_churner
523,casual
524,loyal
525,casual
526,gradual_churner
527,gradual_churner
528,one_and_done
529,sudden_churner
530,casual
531,loyal
532,gradual_churner
533,one_and_done
534,sudden_churner
535,sudden_churner
536,one_and_done
537,one_and_done
538,gradual_churner
539,one_and_done
540,sudden_churner
541,gradual_churner
542,gradual_churner
543,gradual_churner
544,loyal
545,gradual_churner
546,casual
547,sudden_churner
548,casual
549,casual
550,sudden_churner
551,casual
552,loyal
553,casual
554,gradual_churner
555,casual
556,sudden_churner
557,gradual_churner
558,gradual_churner
559,loyal
560,loyal
561,casual
562,loyal
563,loyal
564,sudden_churner
565,sudden_churner
566,loyal
567,casual
568,casual
569,one_and_done
570,gradual_churner
571,casual
572,one_and_done
573,one_and_done
574,casual
575,gradual_churner
576,casual
577,one_and_done
578,casual
579,loyal
580,gradual_churner
581,sudden_churner
582,casual
583,casual
584,gradual_churner
585,loyal
586,gradual_churner
587,loyal
588,casual
589,loyal
590,loyal
591,casual
592,casual
593,one_and_done
594,loyal
595,sudden_churner
596,gradual_churner
597,one_and_done
598,loyal
599,loyal
600,loyal
601,sudden_churner
602,sudden_churner
603,loyal
604,gradual_churner
605,casual
606,gradual_churner
607,one_and_done
608,gradual_churner
609,gradual_churner
610,casual
611,gradual_churner
612,casual
613,casual
614,one_and_done
615,one_and_done
616,sudden_churner
617,one_and_done
618,casual
619,gradual_churner
620,loyal
621,casual
622,one_and_done
623,loyal
624,casual
625,loyal
626,gradual_churner
627,one_and_done
628,loyal
629,casual
630,casual
631,one_and_done
632,one_and_done
633,one_and_done
634,gradual_churner
635,one_and_done
636,one_and_done
637,loyal
638,one_and_done
639,loyal
640,loyal
641,casual
642,one_and_done
643,loyal
644,one_and_done
645,loyal
646,gradual_churner
647,one_and_done
648,sudden_churner
649,casual
650,gradual_churner
651,casual
652,one_and_done
653,one_and_done
654,loyal
655,gradual_churner
656,loyal
657,casual
658,casual
659,casual
660,loyal
661,one_and_done
662,one_and_done
663,gradual_churner
664,casual
665,sudden_churner
666,gradual_churner
667,loyal
668,sudden_churner
669,gradual_churner
670,casual
671,loyal
672,one_and_done
673,sudden_churner
674,gradual_churner
675,gradual_churner
676,gradual_churner
677,one_and_done
678,loyal
679,one_and_done
680,casual
681,casual
682,gradual_churner
683,casual
684,casual
685,loyal
686,sudden_churner
687,casual
688,casual
689,casual
690,sudden_churner
691,gradual_churner
692,gradual_churner
693,one_and_done
694,loyal
695,loyal
696,sudden_churner
697,one_and_done
698,loyal
699,gradual_churner
700,loyal
701,casual
702,gradual_churner
703,gradual_churner
704,sudden_churner
705,gradual_churner
706,gradual_churner
707,casual
708,loyal
709,gradual_churner
710,loyal
711,loyal
712,casual
713,loyal
714,casual
715,gradual_churner
716,loyal
717,one_and_done
718,casual
719,loyal
720,sudden_churner
721,gradual_churner
722,casual
723,gradual_churner
724,casual
725,loyal
726,gradual_churner
727,casual
728,gradual_churner
729,gradual_churner
730,one_and_done
731,sudden_churner
732,one_and_done
733,one_and_done
734,loyal
735,casual
736,casual
737,one_and_done
738,gradual_churner
739,loyal
740,loyal
741,gradual_churner
742,loyal
743,loyal
744,gradual_churner
745,casual
746,casual
747,one_and_done
748,loyal
749,loyal
750,one_and_done
751,gradual_churner
752,gradual_churner
753,gradual_churner
754,casual
755,gradual_churner
756,gradual_churner
757,loyal
758,gradual_churner
759,one_and_done
760,gradual_churner
761,sudden_churner
762,gradual_churner
763,gradual_churner
764,gradual_churner
765,one_and_done
766,one_and_done
767,loyal
768,gradual_churner
769,one_and_done
770,one_and_done
771,casual
772,casual
773,gradual_churner
774,gradual_churner
775,sudden_churner
776,loyal
777,sudden_churner
778,loyal
779,one_and_done
780,gradual_churner
781,one_and_done
782,sudden_churner
783,casual
784,gradual_churner
785,gradual_churner
786,sudden_churner
787,gradual_churner
788,one_and_done
789,casual
790,sudden_churner
791,one_and_done
792,sudden_churner
793,one_and_done
794,one_and_done
795,casual
796,casual
797,casual
798,sudden_churner
799,gradual_churner
800,one_and_done
801,one_and_done
802,casual
803,casual
804,one_and_done
805,sudden_churner
806,gradual_churner
807,loyal
808,sudden_churner
809,gradual_churner
810,one_and_done
811,one_and_done
812,one_and_done
813,gradual_churner
814,gradual_churner
815,loyal
816,one_and_done
817,sudden_churner
818,casual
819,casual
820,gradual_churner
821,sudden_churner
822,one_and_done
823,sudden_churner
824,casual
825,loyal
826,sudden_churner
827,loyal
828,one_and_done
829,one_and_done
830,sudden_churner
831,gradual_churner
832,gradual_churner
833,loyal
834,loyal
835,casual
836,gradual_churner
837,sudden_churner
838,sudden_churner
839,sudden_churner
840,casual
841,one_and_done
842,one_and_done
843,gradual_churner
844,loyal
845,casual
846,gradual_churner
847,casual
848,gradual_churner
849,loyal
850,gradual_churner
851,sudden_churner
852,casual
853,gradual_churner
854,gradual_churner
855,sudden_churner
856,loyal
857,one_and_done
858,gradual_churner
859,sudden_churner
860,sudden_churner
861,loyal
862,loyal
863,casual
864,casual
865,gradual_churner
866,casual
867,one_and_done
868,loyal
869,one_and_done
870,sudden_churner
871,gradual_churner
872,casual
873,loyal
874,gradual_churner
875,gradual_churner
876,loyal
877,loyal
878,loyal
879,casual
880,gradual_churner
881,gradual_churner
882,one_and_done
883,casual
884,casual
885,casual
886,casual
887,sudden_churner
888,loyal
889,gradual_churner
890,gradual_churner
891,gradual_churner
892,gradual_churner
893,loyal
894,casual
895,sudden_churner
896,gradual_churner
897,casual
898,one_and_done
899,gradual_churner
900,casual
901,gradual_churner
902,sudden_churner
903,loyal
904,loyal
905,one_and_done
906,loyal
907,gradual_churner
908,gradual_churner
909,sudden_churner
910,sudden_churner
911,casual
912,casual
913,casual
914,casual
915,casual
916,casual
917,one_and_done
918,loyal
919,casual
920,casual
921,gradual_churner
922,casual
923,sudden_churner
924,gradual_churner
925,gradual_churner
926,casual
927,gradual_churner
928,one_and_done
929,gradual_churner
930,sudden_churner
931,gradual_churner
932,gradual_churner
933,loyal
934,one_and_done
935,gradual_churner
936,casual
937,sudden_churner
938,casual
939,loyal
940,one_and_done
941,sudden_churner
942,loyal
943,loyal
944,casual
945,casual
946,casual
947,gradual_churner
948,one_and_done
949,casual
950,sudden_churner
951,casual
952,loyal
953,sudden_churner
954,one_and_done
955,gradual_churner
956,gradual_churner
957,sudden_churner
958,casual
959,one_and_done
960,casual
961,sudden_churner
962,loyal
963,casual
964,gradual_churner
965,gradual_churner
966,loyal
967,gradual_churner
968,gradual_churner
969,loyal
970,sudden_churner
971,loyal
972,casual
973,gradual_churner
974,casual
975,casual
976,sudden_churner
977,loyal
978,casual
979,casual
980,sudden_churner
981,sudden_churner
982,one_and_done
983,gradual_churner
984,gradual_churner
985,loyal
986,loyal
987,gradual_churner
988,gradual_churner
989,loyal
990,one_and_done
991,one_and_done
992,casual
993,gradual_churner
994,one_and_done
995,sudden_churner
996,loyal
997,casual
998,gradual_churner
999,one_and_done
1000,casual
1001,casual
1002,casual
1003,gradual_churner
1004,loyal
1005,sudden_churner
1006,casual
1007,casual
1008,casual
1009,casual
1010,sudden_churner
1011,gradual_churner
1012,gradual_churner
1013,gradual_churner
1014,sudden_churner
1015,loyal
1016,casual
1017,gradual_churner
1018,gradual_churner
1019,casual
1020,casual
1021,gradual_churner
1022,sudden_churner
1023,one_and_done
1024,gradual_churner
1025,one_and_done
1026,casual
1027,loyal
1028,sudden_churner
1029,casual
1030,gradual_churner
1031,gradual_churner
1032,one_and_done
1033,casual
1034,one_and_done
1035,sudden_churner
1036,sudden_churner
1037,gradual_churner
1038,casual
1039,sudden_churner
1040,sudden_churner
1041,loyal
1042,one_and_done
1043,gradual_churner
1044,loyal
1045,one_and_done
1046,casual
1047,one_and_done
1048,one_and_done
1049,sudden_churner
1050,casual
1051,loyal
1052,casual
1053,gradual_churner
1054,casual
1055,sudden_churner
1056,casual
1057,gradual_churner
1058,loyal
1059,casual
1060,sudden_churner
1061,sudden_churner
1062,gradual_churner
1063,casual
1064,gradual_churner
1065,casual
1066,gradual_churner
1067,casual
1068,gradual_churner
1069,one_and_done
1070,casual
1071,casual
1072,loyal
1073,casual
1074,one_and_done
1075,one_and_done
1076,casual
1077,gradual_churner
1078,casual
1079,casual
1080,casual
1081,loyal
1082,sudden_churner
1083,casual
1084,sudden_churner
1085,gradual_churner
1086,one_and_done
1087,loyal
1088,sudden_churner
1089,gradual_churner
1090,loyal
1091,one_and_done
1092,gradual_churner
1093,casual
1094,casual
1095,sudden_churner
1096,sudden_churner
1097,sudden_churner
1098,sudden_churner
1099,one_and_done
1100,gradual_churner
1101,gradual_churner
1102,casual
1103,loyal
1104,loyal
1105,one_and_done
1106,gradual_churner
1107,casual
1108,casual
1109,loyal
1110,one_and_done
1111,sudden_churner
1112,gradual_churner
1113,one_and_done
1114,casual
1115,loyal
1116,casual
1117,loyal
1118,loyal
1119,one_and_done
1120,one_and_done
1121,gradual_churner
1122,casual
1123,loyal
1124,one_and_done
1125,sudden_churner
1126,casual
1127,sudden_churner
1128,loyal
1129,loyal
1130,casual
1131,gradual_churner
1132,gradual_churner
1133,one_and_done
1134,gradual_churner
1135,casual
1136,casual
1137,loyal
1138,loyal
1139,one_and_done
1140,gradual_churner
1141,loyal
1142,gradual_churner
1143,casual
1144,casual
1145,one_and_done
1146,loyal
1147,one_and_done
1148,gradual_churner
1149,casual
1150,one_and_done
1151,casual
1152,one_and_done
1153,gradual_churner
1154,loyal
1155,casual
1156,gradual_churner
1157,loyal
1158,casual
1159,casual
1160,casual
1161,one_and_done
1162,loyal
1163,sudden_churner
1164,sudden_churner
1165,casual
1166,loyal
1167,loyal
1168,casual
1169,sudden_churner
1170,casual
1171,sudden_churner
1172,casual
1173,casual
1174,sudden_churner
1175,one_and_done
1176,gradual_churner
1177,casual
1178,casual
1179,gradual_churner
1180,one_and_done
1181,one_and_done
1182,gradual_churner
1183,one_and_done
1184,casual
1185,casual
1186,casual
1187,casual
1188,loyal
1189,gradual_churner
1190,casual
1191,casual
1192,sudden_churner
1193,one_and_done
1194,loyal
1195,casual
1196,loyal
1197,loyal
1198,sudden_churner
1199,gradual_churner
1200,gradual_churner
1201,gradual_churner
1202,one_and_done
1203,one_and_done
1204,gradual_churner
1205,one_and_done
1206,gradual_churner
1207,casual
1208,casual
1209,loyal
1210,gradual_churner
1211,casual
1212,one_and_done
1213,gradual_churner
1214,loyal
1215,one_and_done
1216,one_and_done
1217,sudden_churner
1218,gradual_churner
1219,one_and_done
1220,sudden_churner
1221,casual
1222,one_and_done
1223,casual
1224,gradual_churner
1225,casual
1226,casual
1227,sudden_churner
1228,one_and_done
1229,gradual_churner
1230,one_and_done
1231,loyal
1232,loyal
1233,one_and_done
1234,loyal
1235,gradual_churner
1236,sudden_churner
1237,casual
1238,one_and_done
1239,casual
1240,sudden_churner
1241,gradual_churner
1242,one_and_done
1243,casual
1244,gradual_churner
1245,casual
1246,gradual_churner
1247,sudden_churner
1248,gradual_churner
1249,gradual_churner
1250,loyal
1251,gradual_churner
1252,casual
1253,loyal
1254,sudden_churner
1255,gradual_churner
1256,loyal
1257,loyal
1258,one_and_done
1259,gradual_churner
1260,gradual_churner
1261,loyal
1262,one_and_done
1263,gradual_churner
1264,sudden_churner
1265,sudden_churner
1266,casual
1267,casual
1268,casual
1269,one_and_done
1270,gradual_churner
1271,gradual_churner
1272,gradual_churner
1273,casual
1274,casual
1275,gradual_churner
1276,casual
1277,one_and_done
1278,sudden_churner
1279,casual
1280,loyal
1281,one_and_done
1282,casual
1283,loyal
1284,loyal
1285,gradual_churner
1286,sudden_churner
1287,sudden_churner
1288,loyal
1289,sudden_churner
1290,casual
1291,gradual_churner
1292,one_and_done
1293,casual
1294,loyal
1295,loyal
1296,loyal
1297,gradual_churner
1298,sudden_churner
1299,gradual_churner
1300,gradual_churner
1301,sudden_churner
1302,gradual_churner
1303,gradual_churner
1304,casual
1305,loyal
1306,loyal
1307,casual
1308,loyal
1309,loyal
1310,casual
1311,loyal
1312,one_and_done
1313,sudden_churner
1314,casual
1315,sudden_churner
1316,gradual_churner
1317,one_and_done
1318,casual
1319,casual
1320,casual
1321,one_and_done
1322,loyal
1323,casual
1324,sudden_churner
1325,sudden_churner
1326,loyal
1327,casual
1328,loyal
1329,sudden_churner
1330,gradual_churner
1331,loyal
1332,casual
1333,loyal
1334,one_and_done
1335,casual
1336,one_and_done
1337,casual
1338,casual
1339,gradual_churner
1340,sudden_churner
1341,gradual_churner
1342,gradual_churner
1343,casual
1344,one_and_done
1345,loyal
1346,sudden_churner
1347,sudden_churner
1348,casual
1349,casual
1350,gradual_churner
1351,loyal
1352,casual
1353,loyal
1354,gradual_churner
1355,casual
1356,gradual_churner
1357,sudden_churner
1358,casual
1359,one_and_done
1360,sudden_churner
1361,loyal
1362,sudden_churner
1363,gradual_churner
1364,one_and_done
1365,loyal
1366,sudden_churner
1367,loyal
1368,casual
1369,sudden_churner
1370,one_and_done
1371,one_and_done
1372,one_and_done
1373,one_and_done
1374,casual
1375,gradual_churner
1376,one_and_done
1377,sudden_churner
1378,sudden_churner
1379,casual
1380,casual
1381,gradual_churner
1382,loyal
1383,casual
1384,gradual_churner
1385,sudden_churner
1386,gradual_churner
1387,casual
1388,loyal
1389,one_and_done
1390,loyal
1391,sudden_churner
1392,loyal
1393,one_and_done
1394,casual
1395,one_and_done
1396,one_and_done
1397,one_and_done
1398,casual
1399,gradual_churner
1400,casual
1401,one_and_done
1402,casual
1403,loyal
1404,loyal
1405,gradual_churner
1406,gradual_churner
1407,casual
1408,casual
1409,gradual_churner
1410,one_and_done
1411,sudden_churner
1412,one_and_done
1413,loyal
1414,one_and_done
1415,casual
1416,sudden_churner
1417,gradual_churner
1418,gradual_churner
1419,sudden_churner
1420,gradual_churner
1421,casual
1422,casual
1423,gradual_churner
1424,loyal
1425,sudden_churner
1426,one_and_done
1427,sudden_churner
1428,one_and_done
1429,casual
1430,sudden_churner
1431,casual
1432,casual
1433,gradual_churner
1434,gradual_churner
1435,casual
1436,one_and_done
1437,gradual_churner
1438,gradual_churner
1439,casual
1440,loyal
1441,gradual_churner
1442,gradual_churner
1443,loyal
1444,loyal
1445,sudden_churner
1446,gradual_churner
1447,gradual_churner
1448,casual
1449,gradual_churner
1450,casual
1451,sudden_churner
1452,gradual_churner
1453,casual
1454,one_and_done
1455,casual
1456,casual
1457,casual
1458,casual
1459,sudden_churner
1460,one_and_done
1461,gradual_churner
1462,loyal
1463,casual
1464,casual
1465,one_and_done
1466,sudden_churner
1467,sudden_churner
1468,loyal
1469,one_and_done
1470,one_and_done
1471,loyal
1472,gradual_churner
1473,gradual_churner
1474,sudden_churner
1475,casual
1476,loyal
1477,gradual_churner
1478,one_and_done
1479,sudden_churner
1480,casual
1481,gradual_churner
1482,sudden_churner
1483,sudden_churner
1484,loyal
1485,gradual_churner
1486,gradual_churner
1487,casual
1488,sudden_churner
1489,loyal
1490,sudden_churner
1491,loyal
1492,gradual_churner
1493,one_and_done
1494,gradual_churner
1495,loyal
1496,sudden_churner
1497,loyal
1498,sudden_churner
1499,sudden_churner
1500,gradual_churner
1501,loyal
1502,casual
1503,gradual_churner
1504,casual
1505,gradual_churner
1506,one_and_done
1507,gradual_churner
1508,gradual_churner
1509,gradual_churner
1510,casual
1511,gradual_churner
1512,casual
1513,gradual_churner
1514,gradual_churner
1515,casual
1516,casual
1517,sudden_churner
1518,one_and_done
1519,loyal
1520,casual
1521,casual
1522,sudden_churner
1523,sudden_churner
1524,gradual_churner
1525,loyal
1526,gradual_churner
1527,casual
1528,loyal
1529,loyal
1530,loyal
1531,sudden_churner
1532,one_and_done
1533,casual
1534,casual
1535,casual
1536,gradual_churner
1537,loyal
1538,gradual_churner
1539,casual
1540,one_and_done
1541,gradual_churner
1542,loyal
1543,sudden_churner
1544,loyal
1545,loyal
1546,loyal
1547,one_and_done
1548,casual
1549,gradual_churner
1550,casual
1551,sudden_churner
1552,loyal
1553,loyal
1554,gradual_churner
1555,one_and_done
1556,gradual_churner
1557,sudden_churner
1558,casual
1559,loyal
1560,loyal
1561,gradual_churner
1562,sudden_churner
1563,loyal
1564,sudden_churner
1565,gradual_churner
1566,casual
1567,loyal
1568,sudden_churner
1569,gradual_churner
1570,gradual_churner
1571,sudden_churner
1572,gradual_churner
1573,gradual_churner
1574,gradual_churner
1575,casual
1576,gradual_churner
1577,casual
1578,sudden_churner
1579,gradual_churner
1580,casual
1581,one_and_done
1582,casual
1583,gradual_churner
1584,loyal
1585,gradual_churner
1586,gradual_churner
1587,gradual_churner
1588,gradual_churner
1589,gradual_churner
1590,loyal
1591,gradual_churner
1592,loyal
1593,sudden_churner
1594,sudden_churner
1595,loyal
1596,gradual_churner
1597,loyal
1598,casual
1599,one_and_done
1600,loyal
1601,loyal
1602,casual
1603,loyal
1604,sudden_churner
1605,casual
1606,gradual_churner
1607,loyal
1608,loyal
1609,casual
1610,one_and_done
1611,casual
1612,gradual_churner
1613,sudden_churner
1614,loyal
1615,sudden_churner
1616,sudden_churner
1617,loyal
1618,casual
1619,gradual_churner
1620,loyal
1621,loyal
1622,casual
1623,gradual_churner
1624,loyal
1625,gradual_churner
1626,gradual_churner
1627,gradual_churner
1628,one_and_done
1629,casual
1630,gradual_churner
1631,casual
1632,loyal
1633,loyal
1634,one_and_done
1635,sudden_churner
1636,sudden_churner
1637,one_and_done
1638,one_and_done
1639,gradual_churner
1640,casual
1641,one_and_done
1642,casual
1643,gradual_churner
1644,loyal
1645,sudden_churner
1646,gradual_churner
1647,gradual_churner
1648,sudden_churner
1649,one_and_done
1650,one_and_done
1651,casual
1652,sudden_churner
1653,one_and_done
1654,loyal
1655,loyal
1656,one_and_done
1657,sudden_churner
1658,loyal
1659,loyal
1660,loyal
1661,casual
1662,gradual_churner
1663,sudden_churner
1664,loyal
1665,one_and_done
1666,casual
1667,casual
1668,one_and_done
1669,one_and_done
1670,gradual_churner
1671,gradual_churner
1672,one_and_done
1673,loyal
1674,gradual_churner
1675,one_and_done
1676,casual
1677,one_and_done
1678,gradual_churner
1679,gradual_churner
1680,gradual_churner
1681,loyal
1682,gradual_churner
1683,gradual_churner
1684,gradual_churner
1685,sudden_churner
1686,one_and_done
1687,one_and_done
1688,casual
1689,one_and_done
1690,gradual_churner
1691,one_and_done
1692,casual
1693,casual
1694,sudden_churner
1695,casual
1696,sudden_churner
1697,gradual_churner
1698,sudden_churner
1699,sudden_churner
1700,sudden_churner
1701,gradual_churner
1702,sudden_churner
1703,loyal
1704,loyal
1705,gradual_churner
1706,casual
1707,casual
1708,sudden_churner
1709,one_and_done
1710,one_and_done
1711,casual
1712,casual
1713,one_and_done
1714,casual
1715,gradual_churner
1716,gradual_churner
1717,loyal
1718,one_and_done
1719,one_and_done
1720,gradual_churner
1721,gradual_churner
1722,casual
1723,loyal
1724,sudden_churner
1725,loyal
1726,loyal
1727,gradual_churner
1728,sudden_churner
1729,sudden_churner
1730,loyal
1731,gradual_churner
1732,casual
1733,one_and_done
1734,loyal
1735,gradual_churner
1736,one_and_done
1737,loyal
1738,gradual_churner
1739,sudden_churner
1740,gradual_churner
1741,casual
1742,gradual_churner
1743,loyal
1744,casual
1745,one_and_done
1746,gradual_churner
1747,loyal
1748,gradual_churner
1749,sudden_churner
1750,sudden_churner
1751,casual
1752,loyal
1753,gradual_churner
1754,one_and_done
1755,sudden_churner
1756,sudden_churner
1757,casual
1758,gradual_churner
1759,gradual_churner
1760,sudden_churner
1761,gradual_churner
1762,casual
1763,gradual_churner
1764,loyal
1765,loyal
1766,sudden_churner
1767,casual
1768,gradual_churner
1769,casual
1770,gradual_churner
1771,gradual_churner
1772,gradual_churner
1773,one_and_done
1774,loyal
1775,one_and_done
1776,loyal
1777,sudden_churner
1778,gradual_churner
1779,sudden_churner
1780,loyal
1781,gradual_churner
1782,gradual_churner
1783,casual
1784,loyal
1785,loyal
1786,loyal
1787,casual
1788,gradual_churner
1789,one_and_done
1790,gradual_churner
1791,one_and_done
1792,one_and_done
1793,loyal
1794,casual
1795,gradual_churner
1796,one_and_done
1797,gradual_churner
1798,loyal
1799,sudden_churner
1800,casual
1801,sudden_churner
1802,loyal
1803,one_and_done
1804,gradual_churner
1805,casual
1806,gradual_churner
1807,casual
1808,casual
1809,loyal
1810,one_and_done
1811,gradual_churner
1812,gradual_churner
1813,loyal
1814,sudden_churner
1815,casual
1816,sudden_churner
1817,casual
1818,sudden_churner
1819,loyal
1820,loyal
1821,casual
1822,loyal
1823,loyal
1824,loyal
1825,gradual_churner
1826,one_and_done
1827,gradual_churner
1828,sudden_churner
1829,gradual_churner
1830,casual
1831,one_and_done
1832,loyal
1833,gradual_churner
1834,casual
1835,casual
1836,gradual_churner
1837,casual
1838,gradual_churner
1839,casual
1840,loyal
1841,loyal
1842,gradual_churner
1843,casual
1844,loyal
1845,gradual_churner
1846,one_and_done
1847,loyal
1848,casual
1849,gradual_churner
1850,casual
1851,casual
1852,one_and_done
1853,one_and_done
1854,gradual_churner
1855,casual
1856,gradual_churner
1857,loyal
1858,casual
1859,sudden_churner
1860,gradual_churner
1861,casual
1862,gradual_churner
1863,casual
1864,sudden_churner
1865,casual
1866,loyal
1867,sudden_churner
1868,loyal
1869,sudden_churner
1870,sudden_churner
1871,loyal
1872,one_and_done
1873,gradual_churner
1874,casual
1875,loyal
1876,loyal
1877,gradual_churner
1878,one_and_done
1879,one_and_done
1880,loyal
1881,loyal
1882,casual
1883,casual
1884,gradual_churner
1885,loyal
1886,casual
1887,casual
1888,loyal
1889,sudden_churner
1890,loyal
1891,gradual_churner
1892,sudden_churner
1893,casual
1894,gradual_churner
1895,gradual_churner
1896,one_and_done
1897,one_and_done
1898,casual
1899,casual
1900,sudden_churner
1901,gradual_churner
1902,casual
1903,loyal
1904,one_and_done
1905,gradual_churner
1906,gradual_churner
1907,casual
1908,loyal
1909,gradual_churner
1910,one_and_done
1911,sudden_churner
1912,loyal
1913,one_and_done
1914,one_and_done
1915,casual
1916,gradual_churner
1917,loyal
1918,one_and_done
1919,sudden_churner
1920,loyal
1921,casual
1922,loyal
1923,sudden_churner
1924,casual
1925,casual
1926,gradual_churner
1927,casual
1928,loyal
1929,casual
1930,gradual_churner
1931,casual
1932,loyal
1933,gradual_churner
1934,gradual_churner
1935,gradual_churner
1936,casual
1937,gradual_churner
1938,casual
1939,loyal
1940,loyal
1941,loyal
1942,casual
1943,loyal
1944,gradual_churner
1945,sudden_churner
1946,loyal
1947,loyal
1948,casual
1949,gradual_churner
1950,one_and_done
1951,one_and_done
1952,gradual_churner
1953,one_and_done
1954,one_and_done
1955,casual
1956,sudden_churner
1957,loyal
1958,gradual_churner
1959,loyal
1960,loyal
1961,casual
1962,gradual_churner
1963,casual
1964,sudden_churner
1965,casual
1966,loyal
1967,casual
1968,gradual_churner
1969,casual
1970,gradual_churner
1971,one_and_done
1972,one_and_done
1973,one_and_done
1974,sudden_churner
1975,gradual_churner
1976,casual
1977,casual
1978,loyal
1979,casual
1980,loyal
1981,gradual_churner
1982,gradual_churner
1983,casual
1984,casual
1985,gradual_churner
1986,casual
1987,loyal
1988,loyal
1989,loyal
1990,loyal
1991,loyal
1992,sudden_churner
1993,loyal
1994,casual
1995,casual
1996,sudden_churner
1997,gradual_churner
1998,loyal
1999,gradual_churner
2000,casual
2001,loyal
2002,sudden_churner
2003,one_and_done
2004,sudden_churner
2005,casual
2006,gradual_churner
2007,casual
2008,one_and_done
2009,loyal
2010,one_and_done
2011,loyal
2012,casual
2013,casual
2014,casual
2015,loyal
2016,gradual_churner
2017,casual
2018,loyal
2019,gradual_churner
2020,gradual_churner
2021,gradual_churner
2022,sudden_churner
2023,loyal
2024,loyal
2025,loyal
2026,casual
2027,gradual_churner
2028,loyal
2029,casual
2030,casual
2031,sudden_churner
2032,loyal
2033,loyal
2034,sudden_churner
2035,casual
2036,gradual_churner
2037,loyal
2038,loyal
2039,one_and_done
2040,loyal
2041,sudden_churner
2042,sudden_churner
2043,sudden_churner
2044,one_and_done
2045,casual
2046,casual
2047,gradual_churner
2048,casual
2049,one_and_done
2050,loyal
2051,casual
2052,sudden_churner
2053,sudden_churner
2054,casual
2055,gradual_churner
2056,casual
2057,gradual_churner
2058,loyal
2059,loyal
2060,casual
2061,loyal
2062,loyal
2063,sudden_churner
2064,sudden_churner
2065,one_and_done
2066,gradual_churner
2067,gradual_churner
2068,loyal
2069,loyal
2070,casual
2071,sudden_churner
2072,sudden_churner
2073,gradual_churner
2074,loyal
2075,sudden_churner
2076,casual
2077,sudden_churner
2078,one_and_done
2079,loyal
2080,loyal
2081,loyal
2082,loyal
2083,one_and_done
2084,casual
2085,casual
2086,casual
2087,casual
2088,casual
2089,sudden_churner
2090,one_and_done
2091,one_and_done
2092,casual
2093,casual
2094,gradual_churner
2095,casual
2096,sudden_churner
2097,loyal
2098,loyal
2099,casual
2100,gradual_churner
2101,loyal
2102,gradual_churner
2103,loyal
2104,loyal
2105,sudden_churner
2106,gradual_churner
2107,casual
2108,gradual_churner
2109,sudden_churner
2110,gradual_churner
2111,casual
2112,loyal
2113,gradual_churner
2114,sudden_churner
2115,gradual_churner
2116,gradual_churner
2117,loyal
2118,one_and_done
2119,casual
2120,gradual_churner
2121,gradual_churner
2122,gradual_churner
2123,gradual_churner
2124,casual
2125,one_and_done
2126,casual
2127,sudden_churner
2128,sudden_churner
2129,sudden_churner
2130,one_and_done
2131,loyal
2132,gradual_churner
2133,gradual_churner
2134,sudden_churner
2135,casual
2136,gradual_churner
2137,casual
2138,casual
2139,sudden_churner
2140,loyal
2141,one_and_done
2142,gradual_churner
2143,sudden_churner
2144,gradual_churner
2145,sudden_churner
2146,gradual_churner
2147,casual
2148,sudden_churner
2149,gradual_churner
2150,one_and_done
2151,loyal
2152,casual
2153,gradual_churner
2154,sudden_churner
2155,loyal
2156,casual
2157,one_and_done
2158,one_and_done
2159,gradual_churner
2160,gradual_churner
2161,casual
2162,gradual_churner
2163,gradual_churner
2164,one_and_done
2165,gradual_churner
2166,casual
2167,gradual_churner
2168,gradual_churner
2169,gradual_churner
2170,casual
2171,casual
2172,casual
2173,one_and_done
2174,loyal
2175,casual
2176,one_and_done
2177,casual
2178,loyal
2179,gradual_churner
2180,loyal
2181,gradual_churner
2182,one_and_done
2183,casual
2184,loyal
2185,one_and_done
2186,casual
2187,casual
2188,one_and_done
2189,casual
2190,loyal
2191,one_and_done
2192,gradual_churner
2193,one_and_done
2194,one_and_done
2195,sudden_churner
2196,sudden_churner
2197,casual
2198,gradual_churner
2199,casual
2200,casual
2201,one_and_done
2202,casual
2203,gradual_churner
2204,sudden_churner
2205,gradual_churner
2206,loyal
2207,casual
2208,loyal
2209,one_and_done
2210,one_and_done
2211,casual
2212,loyal
2213,casual
2214,loyal
2215,loyal
2216,one_and_done
2217,gradual_churner
2218,loyal
2219,loyal
2220,gradual_churner
2221,casual
2222,loyal
2223,sudden_churner
2224,gradual_churner
2225,sudden_churner
2226,casual
2227,gradual_churner
2228,loyal
2229,casual
2230,gradual_churner
2231,casual
2232,casual
2233,sudden_churner
2234,one_and_done
2235,gradual_churner
2236,gradual_churner
2237,gradual_churner
2238,sudden_churner
2239,casual
2240,gradual_churner
2241,gradual_churner
2242,one_and_done
2243,casual
2244,gradual_churner
2245,one_and_done
2246,gradual_churner
2247,casual
2248,gradual_churner
2249,casual
2250,casual
2251,one_and_done
2252,gradual_churner
2253,casual
2254,one_and_done
2255,gradual_churner
2256,casual
2257,one_and_done
2258,sudden_churner
2259,sudden_churner
2260,one_and_done
2261,sudden_churner
2262,gradual_churner
2263,gradual_churner
2264,gradual_churner
2265,gradual_churner
2266,casual
2267,loyal
2268,gradual_churner
2269,gradual_churner
2270,gradual_churner
2271,sudden_churner
2272,one_and_done
2273,casual
2274,loyal
2275,sudden_churner
2276,loyal
2277,one_and_done
2278,one_and_done
2279,casual
2280,casual
2281,gradual_churner
2282,casual
2283,casual
2284,loyal
2285,loyal
2286,one_and_done
2287,loyal
2288,gradual_churner
2289,sudden_churner
2290,sudden_churner
2291,casual
2292,gradual_churner
2293,one_and_done
2294,casual
2295,loyal
2296,casual
2297,loyal
2298,gradual_churner
2299,loyal
2300,loyal
2301,loyal
2302,casual
2303,sudden_churner
2304,one_and_done
2305,gradual_churner
2306,gradual_churner
2307,one_and_done
2308,casual
2309,loyal
2310,sudden_churner
2311,casual
2312,gradual_churner
2313,sudden_churner
2314,loyal
2315,casual
2316,gradual_churner
2317,sudden_churner
2318,gradual_churner
2319,loyal
2320,loyal
2321,one_and_done
2322,gradual_churner
2323,casual
2324,one_and_done
2325,gradual_churner
2326,loyal
2327,gradual_churner
2328,sudden_churner
2329,loyal
2330,gradual_churner
2331,sudden_churner
2332,one_and_done
2333,loyal
2334,gradual_churner
2335,one_and_done
2336,casual
2337,casual
2338,casual
2339,sudden_churner
2340,sudden_churner
2341,loyal
2342,gradual_churner
2343,gradual_churner
2344,gradual_churner
2345,one_and_done
2346,gradual_churner
2347,loyal
2348,one_and_done
2349,gradual_churner
2350,casual
2351,gradual_churner
2352,gradual_churner
2353,gradual_churner
2354,loyal
2355,one_and_done
2356,casual
2357,gradual_churner
2358,gradual_churner
2359,casual
2360,casual
2361,loyal
2362,one_and_done
2363,casual
2364,gradual_churner
2365,sudden_churner
2366,sudden_churner
2367,gradual_churner
2368,loyal
2369,loyal
2370,one_and_done
2371,loyal
2372,sudden_churner
2373,loyal
2374,gradual_churner
2375,sudden_churner
2376,one_and_done
2377,gradual_churner
2378,loyal
2379,gradual_churner
2380,one_and_done
2381,loyal
2382,gradual_churner
2383,loyal
2384,sudden_churner
2385,casual
2386,loyal
2387,sudden_churner
2388,casual
2389,casual
2390,gradual_churner
2391,sudden_churner
2392,sudden_churner
2393,casual
2394,one_and_done
2395,sudden_churner
2396,one_and_done
2397,sudden_churner
2398,one_and_done
2399,casual
2400,gradual_churner
2401,casual
2402,loyal
2403,one_and_done
2404,sudden_churner
2405,sudden_churner
2406,sudden_churner
2407,casual
2408,loyal
2409,loyal
2410,one_and_done
2411,gradual_churner
2412,one_and_done
2413,loyal
2414,sudden_churner
2415,one_and_done
2416,gradual_churner
2417,gradual_churner
2418,sudden_churner
2419,one_and_done
2420,one_and_done
2421,loyal
2422,loyal
2423,casual
2424,sudden_churner
2425,gradual_churner
2426,one_and_done
2427,loyal
2428,sudden_churner
2429,casual
2430,casual
2431,gradual_churner
2432,sudden_churner
2433,loyal
2434,gradual_churner
2435,sudden_churner
2436,gradual_churner
2437,one_and_done
2438,sudden_churner
2439,casual
2440,gradual_churner
2441,loyal
2442,casual
2443,loyal
2444,loyal
2445,gradual_churner
2446,casual
2447,sudden_churner
2448,one_and_done
2449,gradual_churner
2450,one_and_done
2451,loyal
2452,loyal
2453,loyal
2454,gradual_churner
2455,casual
2456,loyal
2457,sudden_churner
2458,casual
2459,gradual_churner
2460,one_and_done
2461,one_and_done
2462,sudden_churner
2463,sudden_churner
2464,one_and_done
2465,sudden_churner
2466,casual
2467,gradual_churner
2468,sudden_churner
2469,one_and_done
2470,gradual_churner
2471,casual
2472,one_and_done
2473,one_and_done
2474,gradual_churner
2475,casual
2476,loyal
2477,sudden_churner
2478,casual
2479,gradual_churner
2480,gradual_churner
2481,casual
2482,gradual_churner
2483,gradual_churner
2484,casual
2485,casual
2486,gradual_churner
2487,sudden_churner
2488,one_and_done
2489,gradual_churner
2490,gradual_churner
2491,one_and_done
2492,sudden_churner
2493,gradual_churner
2494,one_and_done
2495,casual
2496,sudden_churner
2497,casual
2498,gradual_churner
2499,sudden_churner
2500,sudden_churner
2501,sudden_churner
2502,loyal
2503,one_and_done
2504,gradual_churner
2505,loyal
2506,sudden_churner
2507,sudden_churner
2508,sudden_churner
2509,casual
2510,casual
2511,casual
2512,loyal
2513,gradual_churner
2514,gradual_churner
2515,one_and_done
2516,sudden_churner
2517,casual
2518,casual
2519,loyal
2520,one_and_done
2521,casual
2522,sudden_churner
2523,gradual_churner
2524,sudden_churner
2525,gradual_churner
2526,one_and_done
2527,sudden_churner
2528,casual
2529,gradual_churner
2530,sudden_churner
2531,sudden_churner
2532,gradual_churner
2533,one_and_done
2534,one_and_done
2535,sudden_churner
2536,gradual_churner
2537,sudden_churner
2538,one_and_done
2539,one_and_done
2540,casual
2541,casual
2542,one_and_done
2543,sudden_churner
2544,gradual_churner
2545,casual
2546,loyal
2547,loyal
2548,sudden_churner
2549,one_and_done
2550,gradual_churner
2551,gradual_churner
2552,casual
2553,loyal
2554,sudden_churner
2555,sudden_churner
2556,one_and_done
2557,sudden_churner
2558,casual
2559,loyal
2560,sudden_churner
2561,loyal
2562,sudden_churner
2563,casual
2564,sudden_churner
2565,casual
2566,gradual_churner
2567,gradual_churner
2568,one_and_done
2569,casual
2570,gradual_churner
2571,casual
2572,casual
2573,casual
2574,sudden_churner
2575,one_and_done
2576,gradual_churner
2577,gradual_churner
2578,sudden_churner
2579,gradual_churner
2580,casual
2581,sudden_churner
2582,one_and_done
2583,casual
2584,sudden_churner
2585,loyal
2586,loyal
2587,sudden_churner
2588,gradual_churner
2589,casual
2590,sudden_churner
2591,casual
2592,gradual_churner
2593,loyal
2594,one_and_done
2595,casual
2596,sudden_churner
2597,sudden_churner
2598,gradual_churner
2599,loyal
2600,sudden_churner
2601,one_and_done
2602,sudden_churner
2603,one_and_done
2604,gradual_churner
2605,loyal
2606,gradual_churner
2607,one_and_done
2608,sudden_churner
2609,casual
2610,loyal
2611,sudden_churner
2612,casual
2613,sudden_churner
2614,gradual_churner
2615,casual
2616,one_and_done
2617,sudden_churner
2618,sudden_churner
2619,loyal
2620,gradual_churner
2621,gradual_churner
2622,casual
2623,sudden_churner
2624,casual
2625,one_and_done
2626,loyal
2627,loyal
2628,loyal
2629,casual
2630,loyal
2631,gradual_churner
2632,casual
2633,casual
2634,casual
2635,one_and_done
2636,casual
2637,one_and_done
2638,gradual_churner
2639,gradual_churner
2640,one_and_done
2641,loyal
2642,casual
2643,casual
2644,gradual_churner
2645,casual
2646,gradual_churner
2647,gradual_churner
2648,casual
2649,sudden_churner
2650,gradual_churner
2651,one_and_done
2652,casual
2653,casual
2654,sudden_churner
2655,one_and_done
2656,casual
2657,loyal
2658,one_and_done
2659,gradual_churner
2660,gradual_churner
2661,gradual_churner
2662,casual
2663,sudden_churner
2664,gradual_churner
2665,one_and_done
2666,gradual_churner
2667,loyal
2668,gradual_churner
2669,sudden_churner
2670,loyal
2671,gradual_churner
2672,sudden_churner
2673,casual
2674,loyal
2675,casual
2676,casual
2677,gradual_churner
2678,gradual_churner
2679,gradual_churner
2680,loyal
2681,sudden_churner
2682,loyal
2683,loyal
2684,gradual_churner
2685,gradual_churner
2686,loyal
2687,gradual_churner
2688,loyal
2689,casual
2690,loyal
2691,loyal
2692,loyal
2693,one_and_done
2694,one_and_done
2695,loyal
2696,casual
2697,casual
2698,one_and_done
2699,sudden_churner
2700,one_and_done
2701,one_and_done
2702,gradual_churner
2703,casual
2704,loyal
2705,gradual_churner
2706,casual
2707,loyal
2708,casual
2709,casual
2710,sudden_churner
2711,casual
2712,casual
2713,gradual_churner
2714,one_and_done
2715,casual
2716,one_and_done
2717,gradual_churner
2718,loyal
2719,sudden_churner
2720,loyal
2721,casual
2722,casual
2723,one_and_done
2724,loyal
2725,gradual_churner
2726,gradual_churner
2727,loyal
2728,loyal
2729,gradual_churner
2730,loyal
2731,gradual_churner
2732,gradual_churner
2733,gradual_churner
2734,one_and_done
2735,gradual_churner
2736,casual
2737,one_and_done
2738,one_and_done
2739,one_and_done
2740,loyal
2741,gradual_churner
2742,casual
2743,one_and_done
2744,loyal
2745,casual
2746,one_and_done
2747,gradual_churner
2748,loyal
2749,loyal
2750,gradual_churner
2751,loyal
2752,gradual_churner
2753,gradual_churner
2754,gradual_churner
2755,loyal
2756,loyal
2757,gradual_churner
2758,gradual_churner
2759,loyal
2760,gradual_churner
2761,sudden_churner
2762,gradual_churner
2763,gradual_churner
2764,casual
2765,gradual_churner
2766,sudden_churner
2767,gradual_churner
2768,sudden_churner
2769,loyal
2770,one_and_done
2771,casual
2772,one_and_done
2773,gradual_churner
2774,sudden_churner
2775,casual
2776,loyal
2777,casual
2778,gradual_churner
2779,casual
2780,casual
2781,casual
2782,loyal
2783,casual
2784,loyal
2785,loyal
2786,one_and_done
2787,gradual_churner
2788,loyal
2789,one_and_done
2790,casual
2791,casual
2792,one_and_done
2793,gradual_churner
2794,one_and_done
2795,gradual_churner
2796,loyal
2797,loyal
2798,sudden_churner
2799,loyal
2800,gradual_churner
2801,loyal
2802,gradual_churner
2803,loyal
2804,loyal
2805,casual
2806,loyal
2807,casual
2808,loyal
2809,one_and_done
2810,gradual_churner
2811,loyal
2812,loyal
2813,gradual_churner
2814,gradual_churner
2815,casual
2816,gradual_churner
2817,one_and_done
2818,gradual_churner
2819,gradual_churner
2820,gradual_churner
2821,loyal
2822,sudden_churner
2823,casual
2824,loyal
2825,gradual_churner
2826,casual
2827,casual
2828,loyal
2829,loyal
2830,gradual_churner
2831,gradual_churner
2832,casual
2833,sudden_churner
2834,one_and_done
2835,one_and_done
2836,sudden_churner
2837,gradual_churner
2838,loyal
2839,casual
2840,casual
2841,casual
2842,loyal
2843,casual
2844,gradual_churner
2845,one_and_done
2846,gradual_churner
2847,sudden_churner
2848,casual
2849,casual
2850,gradual_churner
2851,sudden_churner
2852,loyal
2853,one_and_done
2854,casual
2855,sudden_churner
2856,sudden_churner
2857,loyal
2858,loyal
2859,sudden_churner
2860,loyal
2861,gradual_churner
2862,casual
2863,sudden_churner
2864,sudden_churner
2865,gradual_churner
2866,gradual_churner
2867,one_and_done
2868,sudden_churner
2869,loyal
2870,sudden_churner
2871,one_and_done
2872,loyal
2873,gradual_churner
2874,gradual_churner
2875,loyal
2876,sudden_churner
2877,loyal
2878,casual
2879,casual
2880,gradual_churner
2881,loyal
2882,casual
2883,sudden_churner
2884,one_and_done
2885,sudden_churner
2886,casual
2887,gradual_churner
2888,loyal
2889,casual
2890,loyal
2891,casual
2892,casual
2893,gradual_churner
2894,one_and_done
2895,sudden_churner
2896,loyal
2897,sudden_churner
2898,one_and_done
2899,casual
2900,casual
2901,gradual_churner
2902,one_and_done
2903,casual
2904,gradual_churner
2905,casual
2906,loyal
2907,gradual_churner
2908,one_and_done
2909,one_and_done
2910,gradual_churner
2911,gradual_churner
2912,gradual_churner
2913,loyal
2914,casual
2915,loyal
2916,gradual_churner
2917,sudden_churner
2918,gradual_churner
2919,loyal
2920,sudden_churner
2921,loyal
2922,loyal
2923,one_and_done
2924,one_and_done
2925,casual
2926,loyal
2927,one_and_done
2928,one_and_done
2929,gradual_churner
2930,loyal
2931,loyal
2932,casual
2933,gradual_churner
2934,gradual_churner
2935,one_and_done
2936,sudden_churner
2937,casual
2938,gradual_churner
2939,gradual_churner
2940,one_and_done
2941,casual
2942,sudden_churner
2943,casual
2944,casual
2945,one_and_done
2946,gradual_churner
2947,gradual_churner
2948,gradual_churner
2949,sudden_churner
2950,casual
2951,one_and_done
2952,one_and_done
2953,one_and_done
2954,one_and_done
2955,sudden_churner
2956,gradual_churner
2957,one_and_done
2958,casual
2959,gradual_churner
2960,gradual_churner
2961,gradual_churner
2962,casual
2963,loyal
2964,gradual_churner
2965,sudden_churner
2966,sudden_churner
2967,loyal
2968,one_and_done
2969,casual
2970,sudden_churner
2971,gradual_churner
2972,gradual_churner
2973,loyal
2974,gradual_churner
2975,gradual_churner
2976,loyal
2977,one_and_done
2978,casual
2979,loyal
2980,gradual_churner
2981,casual
2982,gradual_churner
2983,sudden_churner
2984,casual
2985,casual
2986,casual
2987,one_and_done
2988,gradual_churner
2989,casual
2990,casual
2991,gradual_churner
2992,casual
2993,casual
2994,sudden_churner
2995,loyal
2996,sudden_churner
2997,loyal
2998,one_and_done
2999,sudden_churner
3000,gradual_churner
3001,one_and_done
3002,casual
3003,casual
3004,one_and_done
3005,casual
3006,gradual_churner
3007,sudden_churner
3008,sudden_churner
3009,sudden_churner
3010,gradual_churner
3011,sudden_churner
3012,sudden_churner
3013,gradual_churner
3014,gradual_churner
3015,casual
3016,sudden_churner
3017,casual
3018,one_and_done
3019,casual
3020,loyal
3021,gradual_churner
3022,loyal
3023,one_and_done
3024,casual
3025,casual
3026,loyal
3027,loyal
3028,one_and_done
3029,loyal
3030,loyal
3031,casual
3032,sudden_churner
3033,casual
3034,loyal
3035,one_and_done
3036,one_and_done
3037,loyal
3038,casual
3039,casual
3040,casual
3041,one_and_done
3042,casual
3043,sudden_churner
3044,loyal
3045,casual
3046,one_and_done
3047,casual
3048,gradual_churner
3049,sudden_churner
3050,casual
3051,gradual_churner
3052,loyal
3053,loyal
3054,gradual_churner
3055,sudden_churner
3056,one_and_done
3057,casual
3058,gradual_churner
3059,gradual_churner
3060,gradual_churner
3061,one_and_done
3062,gradual_churner
3063,one_and_done
3064,gradual_churner
3065,sudden_churner
3066,sudden_churner
3067,gradual_churner
3068,one_and_done
3069,loyal
3070,one_and_done
3071,gradual_churner
3072,sudden_churner
3073,casual
3074,gradual_churner
3075,casual
3076,gradual_churner
3077,one_and_done
3078,gradual_churner
3079,loyal
3080,casual
3081,gradual_churner
3082,one_and_done
3083,casual
3084,one_and_done
3085,loyal
3086,sudden_churner
3087,loyal
3088,gradual_churner
3089,gradual_churner
3090,casual
3091,sudden_churner
3092,loyal
3093,casual
3094,loyal
3095,one_and_done
3096,gradual_churner
3097,gradual_churner
3098,one_and_done
3099,gradual_churner
3100,sudden_churner
3101,gradual_churner
3102,casual
3103,gradual_churner
3104,gradual_churner
3105,casual
3106,gradual_churner
3107,loyal
3108,casual
3109,gradual_churner
3110,loyal
3111,gradual_churner
3112,loyal
3113,casual
3114,sudden_churner
3115,loyal
3116,casual
3117,casual
3118,sudden_churner
3119,gradual_churner
3120,sudden_churner
3121,sudden_churner
3122,loyal
3123,loyal
3124,one_and_done
3125,gradual_churner
3126,gradual_churner
3127,casual
3128,one_and_done
3129,one_and_done
3130,loyal
3131,casual
3132,loyal
3133,one_and_done
3134,casual
3135,gradual_churner
3136,gradual_churner
3137,one_and_done
3138,casual
3139,loyal
3140,sudden_churner
3141,one_and_done
3142,casual
3143,gradual_churner
3144,one_and_done
3145,casual
3146,loyal
3147,gradual_churner
3148,gradual_churner
3149,gradual_churner
3150,loyal
3151,casual
3152,sudden_churner
3153,gradual_churner
3154,gradual_churner
3155,gradual_churner
3156,gradual_churner
3157,one_and_done
3158,one_and_done
3159,gradual_churner
3160,casual
3161,sudden_churner
3162,casual
3163,casual
3164,loyal
3165,sudden_churner
3166,gradual_churner
3167,gradual_churner
3168,casual
3169,gradual_churner
3170,one_and_done
3171,sudden_churner
3172,one_and_done
3173,one_and_done
3174,gradual_churner
3175,loyal
3176,sudden_churner
3177,gradual_churner
3178,loyal
3179,gradual_churner
3180,loyal
3181,loyal
3182,loyal
3183,gradual_churner
3184,one_and_done
3185,one_and_done
3186,casual
3187,sudden_churner
3188,sudden_churner
3189,gradual_churner
3190,casual
3191,one_and_done
3192,casual
3193,loyal
3194,sudden_churner
3195,gradual_churner
3196,one_and_done
3197,gradual_churner
3198,casual
3199,one_and_done
3200,casual
3201,one_and_done
3202,gradual_churner
3203,casual
3204,casual
3205,one_and_done
3206,one_and_done
3207,casual
3208,sudden_churner
3209,casual
3210,gradual_churner
3211,sudden_churner
3212,gradual_churner
3213,one_and_done
3214,casual
3215,sudden_churner
3216,one_and_done
3217,one_and_done
3218,gradual_churner
3219,loyal
3220,gradual_churner
3221,casual
3222,casual
3223,sudden_churner
3224,casual
3225,gradual_churner
3226,casual
3227,one_and_done
3228,one_and_done
3229,casual
3230,loyal
3231,casual
3232,gradual_churner
3233,one_and_done
3234,casual
3235,casual
3236,casual
3237,gradual_churner
3238,one_and_done
3239,one_and_done
3240,casual
3241,casual
3242,loyal
3243,loyal
3244,gradual_churner
3245,one_and_done
3246,gradual_churner
3247,loyal
3248,sudden_churner
3249,loyal
3250,sudden_churner
3251,gradual_churner
3252,sudden_churner
3253,gradual_churner
3254,loyal
3255,gradual_churner
3256,gradual_churner
3257,casual
3258,casual
3259,gradual_churner
3260,casual
3261,gradual_churner
3262,gradual_churner
3263,gradual_churner
3264,one_and_done
3265,gradual_churner
3266,gradual_churner
3267,loyal
3268,casual
3269,loyal
3270,sudden_churner
3271,loyal
3272,loyal
3273,loyal
3274,one_and_done
3275,gradual_churner
3276,loyal
3277,loyal
3278,casual
3279,gradual_churner
3280,casual
3281,casual
3282,gradual_churner
3283,loyal
3284,casual
3285,gradual_churner
3286,loyal
3287,gradual_churner
3288,gradual_churner
3289,sudden_churner
3290,sudden_churner
3291,gradual_churner
3292,gradual_churner
3293,one_and_done
3294,one_and_done
3295,loyal
3296,one_and_done
3297,gradual_churner
3298,sudden_churner
3299,loyal
3300,sudden_churner
3301,one_and_done
3302,sudden_churner
3303,sudden_churner
3304,casual
3305,loyal
3306,casual
3307,one_and_done
3308,casual
3309,gradual_churner
3310,casual
3311,sudden_churner
3312,gradual_churner
3313,gradual_churner
3314,casual
3315,gradual_churner
3316,sudden_churner
3317,gradual_churner
3318,gradual_churner
3319,sudden_churner
3320,one_and_done
3321,gradual_churner
3322,loyal
3323,loyal
3324,gradual_churner
3325,sudden_churner
3326,casual
3327,gradual_churner
3328,casual
3329,loyal
3330,gradual_churner
3331,sudden_churner
3332,sudden_churner
3333,casual
3334,loyal
3335,casual
3336,casual
3337,gradual_churner
3338,one_and_done
3339,one_and_done
3340,casual
3341,one_and_done
3342,one_and_done
3343,gradual_churner
3344,gradual_churner
3345,casual
3346,sudden_churner
3347,one_and_done
3348,loyal
3349,casual
3350,gradual_churner
3351,gradual_churner
3352,sudden_churner
3353,loyal
3354,casual
3355,one_and_done
3356,casual
3357,casual
3358,one_and_done
3359,gradual_churner
3360,loyal
3361,casual
3362,one_and_done
3363,sudden_churner
3364,gradual_churner
3365,gradual_churner
3366,casual
3367,loyal
3368,gradual_churner
3369,gradual_churner
3370,casual
3371,one_and_done
3372,sudden_churner
3373,gradual_churner
3374,one_and_done
3375,gradual_churner
3376,casual
3377,loyal
3378,gradual_churner
3379,loyal
3380,gradual_churner
3381,sudden_churner
3382,gradual_churner
3383,loyal
3384,casual
3385,casual
3386,one_and_done
3387,sudden_churner
3388,loyal
3389,loyal
3390,gradual_churner
3391,loyal
3392,loyal
3393,gradual_churner
3394,casual
3395,gradual_churner
3396,sudden_churner
3397,loyal
3398,gradual_churner
3399,casual
3400,loyal
3401,gradual_churner
3402,sudden_churner
3403,loyal
3404,loyal
3405,loyal
3406,sudden_churner
3407,casual
3408,gradual_churner
3409,casual
3410,gradual_churner
3411,casual
3412,gradual_churner
3413,one_and_done
3414,casual
3415,one_and_done
3416,gradual_churner
3417,gradual_churner
3418,sudden_churner
3419,loyal
3420,casual
3421,one_and_done
3422,casual
3423,casual
3424,one_and_done
3425,loyal
3426,gradual_churner
3427,gradual_churner
3428,loyal
3429,casual
3430,sudden_churner
3431,gradual_churner
3432,casual
3433,casual
3434,gradual_churner
3435,loyal
3436,one_and_done
3437,casual
3438,one_and_done
3439,gradual_churner
3440,loyal
3441,loyal
3442,casual
3443,one_and_done
3444,gradual_churner
3445,loyal
3446,sudden_churner
3447,casual
3448,loyal
3449,loyal
3450,gradual_churner
3451,gradual_churner
3452,sudden_churner
3453,gradual_churner
3454,loyal
3455,one_and_done
3456,casual
3457,gradual_churner
3458,loyal
3459,one_and_done
3460,casual
3461,one_and_done
3462,sudden_churner
3463,sudden_churner
3464,gradual_churner
3465,sudden_churner
3466,gradual_churner
3467,loyal
3468,gradual_churner
3469,one_and_done
3470,sudden_churner
3471,casual
3472,casual
3473,loyal
3474,loyal
3475,one_and_done
3476,casual
3477,gradual_churner
3478,one_and_done
3479,loyal
3480,casual
3481,gradual_churner
3482,loyal
3483,casual
3484,casual
3485,casual
3486,sudden_churner
3487,sudden_churner
3488,casual
3489,casual
3490,gradual_churner
3491,sudden_churner
3492,gradual_churner
3493,sudden_churner
3494,casual
3495,casual
3496,loyal
3497,one_and_done
3498,one_and_done
3499,casual
3500,gradual_churner
3501,gradual_churner
3502,loyal
3503,loyal
3504,casual
3505,gradual_churner
3506,loyal
3507,loyal
3508,casual
3509,loyal
3510,loyal
3511,gradual_churner
3512,gradual_churner
3513,casual
3514,gradual_churner
3515,one_and_done
3516,sudden_churner
3517,casual
3518,gradual_churner
3519,one_and_done
3520,one_and_done
3521,sudden_churner
3522,gradual_churner
3523,sudden_churner
3524,casual
3525,loyal
3526,loyal
3527,loyal
3528,casual
3529,casual
3530,one_and_done
3531,casual
3532,gradual_churner
3533,one_and_done
3534,loyal
3535,casual
3536,loyal
3537,loyal
3538,casual
3539,sudden_churner
3540,loyal
3541,one_and_done
3542,loyal
3543,gradual_churner
3544,loyal
3545,one_and_done
3546,gradual_churner
3547,loyal
3548,gradual_churner
3549,loyal
3550,one_and_done
3551,sudden_churner
3552,loyal
3553,sudden_churner
3554,casual
3555,gradual_churner
3556,gradual_churner
3557,one_and_done
3558,sudden_churner
3559,sudden_churner
3560,one_and_done
3561,casual
3562,casual
3563,gradual_churner
3564,sudden_churner
3565,gradual_churner
3566,one_and_done
3567,casual
3568,casual
3569,casual
3570,gradual_churner
3571,casual
3572,loyal
3573,one_and_done
3574,sudden_churner
3575,casual
3576,one_and_done
3577,sudden_churner
3578,loyal
3579,loyal
3580,sudden_churner
3581,one_and_done
3582,gradual_churner
3583,gradual_churner
3584,gradual_churner
3585,sudden_churner
3586,gradual_churner
3587,one_and_done
3588,gradual_churner
3589,casual
3590,loyal
3591,one_and_done
3592,one_and_done
3593,casual
3594,sudden_churner
3595,one_and_done
3596,loyal
3597,loyal
3598,loyal
3599,casual
3600,sudden_churner
3601,loyal
3602,gradual_churner
3603,one_and_done
3604,gradual_churner
3605,casual
3606,casual
3607,gradual_churner
3608,casual
3609,sudden_churner
3610,casual
3611,one_and_done
3612,gradual_churner
3613,loyal
3614,gradual_churner
3615,casual
3616,loyal
3617,gradual_churner
3618,gradual_churner
3619,sudden_churner
3620,casual
3621,loyal
3622,one_and_done
3623,casual
3624,sudden_churner
3625,sudden_churner
3626,gradual_churner
3627,loyal
3628,gradual_churner
3629,casual
3630,loyal
3631,sudden_churner
3632,casual
3633,gradual_churner
3634,loyal
3635,sudden_churner
3636,casual
3637,loyal
3638,casual
3639,casual
3640,gradual_churner
3641,loyal
3642,gradual_churner
3643,casual
3644,one_and_done
3645,casual
3646,one_and_done
3647,gradual_churner
3648,loyal
3649,loyal
3650,casual
3651,loyal
3652,loyal
3653,casual
3654,loyal
3655,gradual_churner
3656,sudden_churner
3657,gradual_churner
3658,gradual_churner
3659,sudden_churner
3660,gradual_churner
3661,loyal
3662,casual
3663,gradual_churner
3664,gradual_churner
3665,sudden_churner
3666,loyal
3667,gradual_churner
3668,gradual_churner
3669,gradual_churner
3670,sudden_churner
3671,gradual_churner
3672,sudden_churner
3673,one_and_done
3674,gradual_churner
3675,loyal
3676,sudden_churner
3677,gradual_churner
3678,loyal
3679,gradual_churner
3680,sudden_churner
3681,gradual_churner
3682,loyal
3683,casual
3684,one_and_done
3685,casual
3686,one_and_done
3687,gradual_churner
3688,loyal
3689,casual
3690,casual
3691,gradual_churner
3692,loyal
3693,sudden_churner
3694,sudden_churner
3695,loyal
3696,one_and_done
3697,sudden_churner
3698,loyal
3699,sudden_churner
3700,gradual_churner
3701,gradual_churner
3702,casual
3703,one_and_done
3704,casual
3705,gradual_churner
3706,gradual_churner
3707,gradual_churner
3708,gradual_churner
3709,sudden_churner
3710,casual
3711,one_and_done
3712,gradual_churner
3713,gradual_churner
3714,one_and_done
3715,one_and_done
3716,one_and_done
3717,casual
3718,loyal
3719,sudden_churner
3720,sudden_churner
3721,loyal
3722,sudden_churner
3723,gradual_churner
3724,gradual_churner
3725,one_and_done
3726,sudden_churner
3727,gradual_churner
3728,gradual_churner
3729,gradual_churner
3730,one_and_done
3731,sudden_churner
3732,gradual_churner
3733,loyal
3734,gradual_churner
3735,sudden_churner
3736,gradual_churner
3737,sudden_churner
3738,casual
3739,gradual_churner
3740,one_and_done
3741,gradual_churner
3742,casual
3743,loyal
3744,gradual_churner
3745,sudden_churner
3746,sudden_churner
3747,loyal
3748,gradual_churner
3749,sudden_churner
3750,gradual_churner
3751,sudden_churner
3752,one_and_done
3753,loyal
3754,one_and_done
3755,one_and_done
3756,gradual_churner
3757,one_and_done
3758,one_and_done
3759,loyal
3760,sudden_churner
3761,casual
3762,casual
3763,sudden_churner
3764,loyal
3765,sudden_churner
3766,casual
3767,loyal
3768,gradual_churner
3769,casual
3770,one_and_done
3771,casual
3772,loyal
3773,gradual_churner
3774,loyal
3775,one_and_done
3776,one_and_done
3777,casual
3778,one_and_done
3779,gradual_churner
3780,casual
3781,one_and_done
3782,casual
3783,sudden_churner
3784,casual
3785,gradual_churner
3786,one_and_done
3787,gradual_churner
3788,loyal
3789,loyal
3790,sudden_churner
3791,one_and_done
3792,casual
3793,loyal
3794,loyal
3795,gradual_churner
3796,casual
3797,loyal
3798,casual
3799,gradual_churner
3800,gradual_churner
3801,gradual_churner
3802,gradual_churner
3803,sudden_churner
3804,gradual_churner
3805,gradual_churner
3806,one_and_done
3807,casual
3808,loyal
3809,sudden_churner
3810,one_and_done
3811,one_and_done
3812,loyal
3813,casual
3814,casual
3815,loyal
3816,casual
3817,casual
3818,casual
3819,casual
3820,loyal
3821,sudden_churner
3822,gradual_churner
3823,gradual_churner
3824,loyal
3825,casual
3826,loyal
3827,loyal
3828,sudden_churner
3829,gradual_churner
3830,loyal
3831,one_and_done
3832,loyal
3833,gradual_churner
3834,loyal
3835,gradual_churner
3836,one_and_done
3837,casual
3838,one_and_done
3839,one_and_done
3840,gradual_churner
3841,one_and_done
3842,loyal
3843,loyal
3844,one_and_done
3845,casual
3846,casual
3847,gradual_churner
3848,sudden_churner
3849,casual
3850,one_and_done
3851,casual
3852,sudden_churner
3853,casual
3854,sudden_churner
3855,casual
3856,loyal
3857,gradual_churner
3858,casual
3859,loyal
3860,gradual_churner
3861,casual
3862,casual
3863,casual
3864,casual
3865,gradual_churner
3866,casual
3867,sudden_churner
3868,gradual_churner
3869,loyal
3870,loyal
3871,sudden_churner
3872,casual
3873,loyal
3874,gradual_churner
3875,one_and_done
3876,casual
3877,casual
3878,one_and_done
3879,gradual_churner
3880,casual
3881,casual
3882,casual
3883,loyal
3884,one_and_done
3885,casual
3886,casual
3887,sudden_churner
3888,casual
3889,sudden_churner
3890,loyal
3891,sudden_churner
3892,gradual_churner
3893,gradual_churner
3894,loyal
3895,sudden_churner
3896,gradual_churner
3897,one_and_done
3898,gradual_churner
3899,sudden_churner
3900,one_and_done
3901,loyal
3902,gradual_churner
3903,sudden_churner
3904,casual
3905,casual
3906,casual
3907,sudden_churner
3908,gradual_churner
3909,casual
3910,casual
3911,gradual_churner
3912,sudden_churner
3913,loyal
3914,casual
3915,gradual_churner
3916,loyal
3917,gradual_churner
3918,gradual_churner
3919,casual
3920,sudden_churner
3921,loyal
3922,one_and_done
3923,casual
3924,casual
3925,sudden_churner
3926,sudden_churner
3927,one_and_done
3928,gradual_churner
3929,sudden_churner
3930,one_and_done
3931,casual
3932,casual
3933,gradual_churner
3934,gradual_churner
3935,one_and_done
3936,loyal
3937,loyal
3938,casual
3939,casual
3940,loyal
3941,gradual_churner
3942,gradual_churner
3943,sudden_churner
3944,casual
3945,loyal
3946,casual
3947,one_and_done
3948,casual
3949,loyal
3950,casual
3951,gradual_churner
3952,casual
3953,gradual_churner
3954,gradual_churner
3955,gradual_churner
3956,gradual_churner
3957,one_and_done
3958,casual
3959,sudden_churner
3960,loyal
3961,casual
3962,loyal
3963,sudden_churner
3964,casual
3965,one_and_done
3966,gradual_churner
3967,sudden_churner
3968,loyal
3969,sudden_churner
3970,one_and_done
3971,gradual_churner
3972,one_and_done
3973,casual
3974,casual
3975,loyal
3976,sudden_churner
3977,casual
3978,gradual_churner
3979,sudden_churner
3980,gradual_churner
3981,casual
3982,casual
3983,casual
3984,gradual_churner
3985,casual
3986,gradual_churner
3987,one_and_done
3988,loyal
3989,one_and_done
3990,gradual_churner
3991,casual
3992,one_and_done
3993,gradual_churner
3994,casual
3995,casual
3996,one_and_done
3997,casual
3998,casual
3999,loyal
4000,loyal
4001,casual
4002,casual
4003,loyal
4004,sudden_churner
4005,sudden_churner
4006,one_and_done
4007,loyal
4008,gradual_churner
4009,casual
4010,casual
4011,loyal
4012,sudden_churner
4013,loyal
4014,casual
4015,sudden_churner
4016,one_and_done
4017,casual
4018,casual
4019,casual
4020,sudden_churner
4021,loyal
4022,loyal
4023,one_and_done
4024,casual
4025,loyal
4026,casual
4027,casual
4028,loyal
4029,casual
4030,gradual_churner
4031,casual
4032,casual
4033,casual
4034,loyal
4035,one_and_done
4036,casual
4037,sudden_churner
4038,one_and_done
4039,loyal
4040,casual
4041,gradual_churner
4042,loyal
4043,gradual_churner
4044,gradual_churner
4045,gradual_churner
4046,casual
4047,loyal
4048,gradual_churner
4049,sudden_churner
4050,sudden_churner
4051,casual
4052,casual
4053,sudden_churner
4054,gradual_churner
4055,loyal
4056,sudden_churner
4057,casual
4058,one_and_done
4059,gradual_churner
4060,one_and_done
4061,gradual_churner
4062,gradual_churner
4063,loyal
4064,one_and_done
4065,casual
4066,casual
4067,loyal
4068,sudden_churner
4069,gradual_churner
4070,casual
4071,gradual_churner
4072,gradual_churner
4073,casual
4074,one_and_done
4075,one_and_done
4076,one_and_done
4077,loyal
4078,sudden_churner
4079,sudden_churner
4080,one_and_done
4081,loyal
4082,gradual_churner
4083,one_and_done
4084,gradual_churner
4085,gradual_churner
4086,casual
4087,gradual_churner
4088,sudden_churner
4089,one_and_done
4090,one_and_done
4091,gradual_churner
4092,casual
4093,sudden_churner
4094,gradual_churner
4095,loyal
4096,casual
4097,gradual_churner
4098,gradual_churner
4099,gradual_churner
4100,one_and_done
4101,one_and_done
4102,loyal
4103,gradual_churner
4104,casual
4105,sudden_churner
4106,gradual_churner
4107,sudden_churner
4108,casual
4109,casual
4110,one_and_done
4111,casual
4112,sudden_churner
4113,casual
4114,sudden_churner
4115,gradual_churner
4116,one_and_done
4117,one_and_done
4118,loyal
4119,one_and_done
4120,loyal
4121,one_and_done
4122,gradual_churner
4123,casual
4124,sudden_churner
4125,gradual_churner
4126,gradual_churner
4127,casual
4128,sudden_churner
4129,loyal
4130,loyal
4131,gradual_churner
4132,sudden_churner
4133,gradual_churner
4134,loyal
4135,loyal
4136,loyal
4137,casual
4138,loyal
4139,casual
4140,gradual_churner
4141,casual
4142,gradual_churner
4143,gradual_churner
4144,casual
4145,one_and_done
4146,one_and_done
4147,casual
4148,casual
4149,one_and_done
4150,sudden_churner
4151,loyal
4152,casual
4153,sudden_churner
4154,gradual_churner
4155,casual
4156,one_and_done
4157,gradual_churner
4158,gradual_churner
4159,gradual_churner
4160,gradual_churner
4161,one_and_done
4162,loyal
4163,loyal
4164,casual
4165,sudden_churner
4166,one_and_done
4167,loyal
4168,one_and_done
4169,loyal
4170,casual
4171,sudden_churner
4172,gradual_churner
4173,gradual_churner
4174,casual
4175,casual
4176,loyal
4177,gradual_churner
4178,gradual_churner
4179,gradual_churner
4180,casual
4181,casual
4182,gradual_churner
4183,casual
4184,sudden_churner
4185,loyal
4186,one_and_done
4187,casual
4188,loyal
4189,casual
4190,casual
4191,loyal
4192,gradual_churner
4193,gradual_churner
4194,casual
4195,casual
4196,casual
4197,gradual_churner
4198,loyal
4199,gradual_churner
4200,sudden_churner
4201,gradual_churner
4202,loyal
4203,loyal
4204,one_and_done
4205,sudden_churner
4206,gradual_churner
4207,one_and_done
4208,gradual_churner
4209,gradual_churner
4210,sudden_churner
4211,gradual_churner
4212,one_and_done
4213,sudden_churner
4214,one_and_done
4215,casual
4216,casual
4217,gradual_churner
4218,loyal
4219,gradual_churner
4220,loyal
4221,sudden_churner
4222,one_and_done
4223,loyal
4224,gradual_churner
4225,sudden_churner
4226,casual
4227,sudden_churner
4228,loyal
4229,gradual_churner
4230,loyal
4231,gradual_churner
4232,casual
4233,one_and_done
4234,sudden_churner
4235,sudden_churner
4236,casual
4237,casual
4238,loyal
4239,loyal
4240,one_and_done
4241,loyal
4242,loyal
4243,gradual_churner
4244,gradual_churner
4245,loyal
4246,casual
4247,one_and_done
4248,loyal
4249,one_and_done
4250,gradual_churner
4251,loyal
4252,gradual_churner
4253,one_and_done
4254,loyal
4255,casual
4256,gradual_churner
4257,gradual_churner
4258,sudden_churner
4259,gradual_churner
4260,casual
4261,loyal
4262,gradual_churner
4263,gradual_churner
4264,casual
4265,casual
4266,sudden_churner
4267,loyal
4268,sudden_churner
4269,gradual_churner
4270,loyal
4271,gradual_churner
4272,sudden_churner
4273,sudden_churner
4274,casual
4275,loyal
4276,sudden_churner
4277,casual
4278,gradual_churner
4279,sudden_churner
4280,sudden_churner
4281,loyal
4282,gradual_churner
4283,gradual_churner
4284,gradual_churner
4285,loyal
4286,gradual_churner
4287,casual
4288,sudden_churner
4289,sudden_churner
4290,one_and_done
4291,sudden_churner
4292,loyal
4293,sudden_churner
4294,gradual_churner
4295,casual
4296,sudden_churner
4297,sudden_churner
4298,gradual_churner
4299,casual
4300,one_and_done
4301,gradual_churner
4302,sudden_churner
4303,casual
4304,casual
4305,casual
4306,one_and_done
4307,loyal
4308,one_and_done
4309,gradual_churner
4310,gradual_churner
4311,sudden_churner
4312,loyal
4313,one_and_done
4314,sudden_churner
4315,sudden_churner
4316,sudden_churner
4317,gradual_churner
4318,casual
4319,casual
4320,loyal
4321,one_and_done
4322,sudden_churner
4323,casual
4324,loyal
4325,gradual_churner
4326,one_and_done
4327,casual
4328,gradual_churner
4329,casual
4330,gradual_churner
4331,loyal
4332,one_and_done
4333,loyal
4334,casual
4335,sudden_churner
4336,sudden_churner
4337,sudden_churner
4338,casual
4339,casual
4340,sudden_churner
4341,sudden_churner
4342,gradual_churner
4343,sudden_churner
4344,one_and_done
4345,casual
4346,casual
4347,loyal
4348,casual
4349,casual
4350,loyal
4351,loyal
4352,casual
4353,one_and_done
4354,one_and_done
4355,gradual_churner
4356,casual
4357,loyal
4358,casual
4359,gradual_churner
4360,gradual_churner
4361,one_and_done
4362,gradual_churner
4363,loyal
4364,casual
4365,loyal
4366,casual
4367,sudden_churner
4368,gradual_churner
4369,sudden_churner
4370,sudden_churner
4371,sudden_churner
4372,gradual_churner
4373,loyal
4374,casual
4375,one_and_done
4376,gradual_churner
4377,casual
4378,gradual_churner
4379,casual
4380,casual
4381,gradual_churner
4382,loyal
4383,sudden_churner
4384,sudden_churner
4385,gradual_churner
4386,gradual_churner
4387,casual
4388,gradual_churner
4389,gradual_churner
4390,casual
4391,one_and_done
4392,loyal
4393,one_and_done
4394,gradual_churner
4395,sudden_churner
4396,casual
4397,gradual_churner
4398,loyal
4399,casual
4400,one_and_done
4401,sudden_churner
4402,gradual_churner
4403,gradual_churner
4404,one_and_done
4405,loyal
4406,sudden_churner
4407,one_and_done
4408,one_and_done
4409,loyal
4410,gradual_churner
4411,loyal
4412,loyal
4413,one_and_done
4414,gradual_churner
4415,casual
4416,loyal
4417,loyal
4418,sudden_churner
4419,casual
4420,loyal
4421,casual
4422,sudden_churner
4423,casual
4424,sudden_churner
4425,casual
4426,one_and_done
4427,sudden_churner
4428,casual
4429,gradual_churner
4430,casual
4431,one_and_done
4432,sudden_churner
4433,gradual_churner
4434,loyal
4435,loyal
4436,casual
4437,gradual_churner
4438,gradual_churner
4439,casual
4440,casual
4441,one_and_done
4442,gradual_churner
4443,one_and_done
4444,loyal
4445,sudden_churner
4446,sudden_churner
4447,loyal
4448,one_and_done
4449,loyal
4450,one_and_done
4451,casual
4452,gradual_churner
4453,casual
4454,sudden_churner
4455,one_and_done
4456,one_and_done
4457,one_and_done
4458,sudden_churner
4459,casual
4460,casual
4461,gradual_churner
4462,loyal
4463,gradual_churner
4464,sudden_churner
4465,loyal
4466,casual
4467,one_and_done
4468,casual
4469,gradual_churner
4470,sudden_churner
4471,gradual_churner
4472,one_and_done
4473,one_and_done
4474,gradual_churner
4475,loyal
4476,casual
4477,casual
4478,gradual_churner
4479,casual
4480,sudden_churner
4481,one_and_done
4482,gradual_churner
4483,loyal
4484,gradual_churner
4485,casual
4486,casual
4487,one_and_done
4488,gradual_churner
4489,casual
4490,sudden_churner
4491,casual
4492,casual
4493,one_and_done
4494,loyal
4495,gradual_churner
4496,gradual_churner
4497,gradual_churner
4498,casual
4499,one_and_done
4500,gradual_churner
4501,sudden_churner
4502,casual
4503,casual
4504,casual
4505,loyal
4506,loyal
4507,gradual_churner
4508,loyal
4509,casual
4510,gradual_churner
4511,gradual_churner
4512,casual
4513,one_and_done
4514,gradual_churner
4515,casual
4516,gradual_churner
4517,one_and_done
4518,loyal
4519,gradual_churner
4520,loyal
4521,gradual_churner
4522,casual
4523,casual
4524,one_and_done
4525,sudden_churner
4526,gradual_churner
4527,gradual_churner
4528,one_and_done
4529,gradual_churner
4530,casual
4531,casual
4532,loyal
4533,gradual_churner
4534,loyal
4535,gradual_churner
4536,gradual_churner
4537,casual
4538,one_and_done
4539,one_and_done
4540,gradual_churner
4541,one_and_done
4542,casual
4543,one_and_done
4544,sudden_churner
4545,gradual_churner
4546,gradual_churner
4547,gradual_churner
4548,casual
4549,casual
4550,one_and_done
4551,one_and_done
4552,gradual_churner
4553,one_and_done
4554,loyal
4555,gradual_churner
4556,casual
4557,gradual_churner
4558,one_and_done
4559,loyal
4560,casual
4561,loyal
4562,casual
4563,loyal
4564,casual
4565,casual
4566,one_and_done
4567,casual
4568,sudden_churner
4569,sudden_churner
4570,gradual_churner
4571,one_and_done
4572,gradual_churner
4573,sudden_churner
4574,gradual_churner
4575,one_and_done
4576,casual
4577,sudden_churner
4578,sudden_churner
4579,one_and_done
4580,sudden_churner
4581,casual
4582,casual
4583,loyal
4584,one_and_done
4585,gradual_churner
4586,gradual_churner
4587,one_and_done
4588,sudden_churner
4589,gradual_churner
4590,sudden_churner
4591,casual
4592,gradual_churner
4593,gradual_churner
4594,sudden_churner
4595,loyal
4596,casual
4597,sudden_churner
4598,loyal
4599,loyal
4600,sudden_churner
4601,gradual_churner
4602,loyal
4603,loyal
4604,gradual_churner
4605,loyal
4606,casual
4607,gradual_churner
4608,sudden_churner
4609,casual
4610,casual
4611,gradual_churner
4612,casual
4613,loyal
4614,gradual_churner
4615,sudden_churner
4616,casual
4617,casual
4618,loyal
4619,sudden_churner
4620,casual
4621,one_and_done
4622,casual
4623,gradual_churner
4624,gradual_churner
4625,casual
4626,loyal
4627,loyal
4628,sudden_churner
4629,casual
4630,gradual_churner
4631,sudden_churner
4632,loyal
4633,sudden_churner
4634,gradual_churner
4635,casual
4636,casual
4637,one_and_done
4638,gradual_churner
4639,one_and_done
4640,gradual_churner
4641,loyal
4642,loyal
4643,loyal
4644,gradual_churner
4645,one_and_done
4646,sudden_churner
4647,gradual_churner
4648,sudden_churner
4649,loyal
4650,one_and_done
4651,loyal
4652,loyal
4653,gradual_churner
4654,one_and_done
4655,gradual_churner
4656,casual
4657,gradual_churner
4658,one_and_done
4659,loyal
4660,gradual_churner
4661,sudden_churner
4662,one_and_done
4663,one_and_done
4664,loyal
4665,sudden_churner
4666,loyal
4667,sudden_churner
4668,casual
4669,one_and_done
4670,gradual_churner
4671,gradual_churner
4672,casual
4673,sudden_churner
4674,loyal
4675,loyal
4676,loyal
4677,one_and_done
4678,one_and_done
4679,casual
4680,gradual_churner
4681,loyal
4682,casual
4683,sudden_churner
4684,loyal
4685,loyal
4686,casual
4687,loyal
4688,one_and_done
4689,gradual_churner
4690,loyal
4691,loyal
4692,casual
4693,loyal
4694,sudden_churner
4695,gradual_churner
4696,gradual_churner
4697,casual
4698,loyal
4699,gradual_churner
4700,one_and_done
4701,loyal
4702,one_and_done
4703,sudden_churner
4704,casual
4705,casual
4706,sudden_churner
4707,sudden_churner
4708,gradual_churner
4709,casual
4710,gradual_churner
4711,casual
4712,one_and_done
4713,gradual_churner
4714,one_and_done
4715,loyal
4716,loyal
4717,loyal
4718,gradual_churner
4719,casual
4720,casual
4721,casual
4722,gradual_churner
4723,casual
4724,one_and_done
4725,sudden_churner
4726,gradual_churner
4727,loyal
4728,sudden_churner
4729,loyal
4730,gradual_churner
4731,casual
4732,casual
4733,sudden_churner
4734,gradual_churner
4735,gradual_churner
4736,sudden_churner
4737,sudden_churner
4738,one_and_done
4739,gradual_churner
4740,gradual_churner
4741,casual
4742,casual
4743,one_and_done
4744,one_and_done
4745,casual
4746,casual
4747,sudden_churner
4748,one_and_done
4749,gradual_churner
4750,casual
4751,sudden_churner
4752,gradual_churner
4753,sudden_churner
4754,casual
4755,loyal
4756,loyal
4757,loyal
4758,loyal
4759,gradual_churner
4760,sudden_churner
4761,one_and_done
4762,sudden_churner
4763,one_and_done
4764,casual
4765,loyal
4766,one_and_done
4767,gradual_churner
4768,gradual_churner
4769,one_and_done
4770,sudden_churner
4771,gradual_churner
4772,casual
4773,sudden_churner
4774,casual
4775,gradual_churner
4776,sudden_churner
4777,casual
4778,loyal
4779,casual
4780,gradual_churner
4781,sudden_churner
4782,one_and_done
4783,loyal
4784,casual
4785,one_and_done
4786,gradual_churner
4787,gradual_churner
4788,loyal
4789,loyal
4790,gradual_churner
4791,one_and_done
4792,gradual_churner
4793,casual
4794,one_and_done
4795,casual
4796,loyal
4797,loyal
4798,gradual_churner
4799,sudden_churner
4800,one_and_done
4801,gradual_churner
4802,casual
4803,casual
4804,casual
4805,casual
4806,gradual_churner
4807,loyal
4808,loyal
4809,loyal
4810,casual
4811,sudden_churner
4812,one_and_done
4813,loyal
4814,loyal
4815,loyal
4816,sudden_churner
4817,loyal
4818,gradual_churner
4819,loyal
4820,casual
4821,gradual_churner
4822,sudden_churner
4823,casual
4824,one_and_done
4825,casual
4826,sudden_churner
4827,sudden_churner
4828,sudden_churner
4829,casual
4830,loyal
4831,loyal
4832,gradual_churner
4833,casual
4834,loyal
4835,sudden_churner
4836,gradual_churner
4837,casual
4838,gradual_churner
4839,casual
4840,sudden_churner
4841,loyal
4842,sudden_churner
4843,loyal
4844,casual
4845,one_and_done
4846,loyal
4847,loyal
4848,one_and_done
4849,loyal
4850,casual
4851,loyal
4852,gradual_churner
4853,gradual_churner
4854,sudden_churner
4855,casual
4856,one_and_done
4857,loyal
4858,gradual_churner
4859,casual
4860,one_and_done
4861,sudden_churner
4862,one_and_done
4863,loyal
4864,casual
4865,gradual_churner
4866,sudden_churner
4867,one_and_done
4868,gradual_churner
4869,casual
4870,loyal
4871,casual
4872,gradual_churner
4873,gradual_churner
4874,one_and_done
4875,sudden_churner
4876,casual
4877,gradual_churner
4878,one_and_done
4879,casual
4880,loyal
4881,gradual_churner
4882,sudden_churner
4883,sudden_churner
4884,one_and_done
4885,casual
4886,gradual_churner
4887,casual
4888,sudden_churner
4889,gradual_churner
4890,gradual_churner
4891,loyal
4892,one_and_done
4893,sudden_churner
4894,casual
4895,sudden_churner
4896,sudden_churner
4897,gradual_churner
4898,gradual_churner
4899,casual
4900,loyal
4901,gradual_churner
4902,one_and_done
4903,casual
4904,one_and_done
4905,sudden_churner
4906,one_and_done
4907,gradual_churner
4908,casual
4909,gradual_churner
4910,loyal
4911,casual
4912,casual
4913,one_and_done
4914,loyal
4915,sudden_churner
4916,gradual_churner
4917,sudden_churner
4918,one_and_done
4919,casual
4920,sudden_churner
4921,one_and_done
4922,casual
4923,gradual_churner
4924,sudden_churner
4925,gradual_churner
4926,casual
4927,gradual_churner
4928,casual
4929,casual
4930,sudden_churner
4931,sudden_churner
4932,sudden_churner
4933,sudden_churner
4934,loyal
4935,casual
4936,loyal
4937,sudden_churner
4938,gradual_churner
4939,sudden_churner
4940,casual
4941,casual
4942,one_and_done
4943,sudden_churner
4944,one_and_done
4945,casual
4946,casual
4947,gradual_churner
4948,gradual_churner
4949,one_and_done
4950,sudden_churner
4951,casual
4952,casual
4953,casual
4954,one_and_done
4955,sudden_churner
4956,sudden_churner
4957,sudden_churner
4958,sudden_churner
4959,casual
4960,casual
4961,gradual_churner
4962,gradual_churner
4963,casual
4964,casual
4965,sudden_churner
4966,casual
4967,gradual_churner
4968,casual
4969,casual
4970,gradual_churner
4971,gradual_churner
4972,gradual_churner
4973,casual
4974,gradual_churner
4975,gradual_churner
4976,loyal
4977,sudden_churner
4978,gradual_churner
4979,casual
4980,loyal
4981,sudden_churner
4982,loyal
4983,sudden_churner
4984,sudden_churner
4985,casual
4986,casual
4987,casual
4988,casual
4989,casual
4990,casual
4991,gradual_churner
4992,loyal
4993,loyal
4994,casual
4995,gradual_churner
4996,one_and_done
4997,one_and_done
4998,sudden_churner
4999,loyal
5000,casual
5001,one_and_done
5002,gradual_churner
5003,loyal
5004,casual
5005,gradual_churner
5006,sudden_churner
5007,loyal
5008,loyal
5009,sudden_churner
5010,gradual_churner
5011,casual
5012,sudden_churner
5013,casual
5014,casual
5015,sudden_churner
5016,loyal
5017,sudden_churner
5018,one_and_done
5019,gradual_churner
5020,casual
5021,sudden_churner
5022,sudden_churner
5023,loyal
5024,gradual_churner
5025,sudden_churner
5026,sudden_churner
5027,loyal
5028,casual
5029,casual
5030,loyal
5031,loyal
5032,gradual_churner
5033,sudden_churner
5034,one_and_done
5035,sudden_churner
5036,gradual_churner
5037,sudden_churner
5038,casual
5039,loyal
5040,loyal
5041,casual
5042,sudden_churner
5043,casual
5044,loyal
5045,casual
5046,loyal
5047,loyal
5048,loyal
5049,gradual_churner
5050,casual
5051,sudden_churner
5052,loyal
5053,casual
5054,casual
5055,casual
5056,gradual_churner
5057,loyal
5058,casual
5059,gradual_churner
5060,sudden_churner
5061,casual
5062,casual
5063,casual
5064,loyal
5065,sudden_churner
5066,gradual_churner
5067,casual
5068,gradual_churner
5069,casual
5070,casual
5071,sudden_churner
5072,one_and_done
5073,sudden_churner
5074,gradual_churner
5075,one_and_done
5076,casual
5077,sudden_churner
5078,one_and_done
5079,casual
5080,one_and_done
5081,casual
5082,casual
5083,gradual_churner
5084,loyal
5085,loyal
5086,casual
5087,casual
5088,sudden_churner
5089,loyal
5090,loyal
5091,casual
5092,gradual_churner
5093,sudden_churner
5094,gradual_churner
5095,gradual_churner
5096,sudden_churner
5097,sudden_churner
5098,gradual_churner
5099,gradual_churner
5100,loyal
5101,gradual_churner
5102,casual
5103,gradual_churner
5104,loyal
5105,loyal
5106,casual
5107,gradual_churner
5108,sudden_churner
5109,casual
5110,casual
5111,casual
5112,loyal
5113,loyal
5114,sudden_churner
5115,loyal
5116,one_and_done
5117,gradual_churner
5118,sudden_churner
5119,loyal
5120,loyal
5121,gradual_churner
5122,casual
5123,gradual_churner
5124,casual
5125,loyal
5126,casual
5127,casual
5128,casual
5129,gradual_churner
5130,loyal
5131,gradual_churner
5132,casual
5133,gradual_churner
5134,one_and_done
5135,one_and_done
5136,gradual_churner
5137,sudden_churner
5138,sudden_churner
5139,one_and_done
5140,casual
5141,sudden_churner
5142,casual
5143,casual
5144,loyal
5145,loyal
5146,casual
5147,one_and_done
5148,one_and_done
5149,casual
5150,casual
5151,loyal
5152,casual
5153,one_and_done
5154,sudden_churner
5155,casual
5156,gradual_churner
5157,casual
5158,casual
5159,gradual_churner
5160,gradual_churner
5161,loyal
5162,loyal
5163,loyal
5164,sudden_churner
5165,loyal
5166,casual
5167,casual
5168,casual
5169,gradual_churner
5170,casual
5171,casual
5172,casual
5173,gradual_churner
5174,casual
5175,loyal
5176,loyal
5177,one_and_done
5178,loyal
5179,one_and_done
5180,loyal
5181,casual
5182,casual
5183,loyal
5184,gradual_churner
5185,sudden_churner
5186,gradual_churner
5187,loyal
5188,casual
5189,loyal
5190,casual
5191,casual
5192,loyal
5193,loyal
5194,gradual_churner
5195,casual
5196,loyal
5197,loyal
5198,casual
5199,loyal
5200,gradual_churner
5201,one_and_done
5202,casual
5203,sudden_churner
5204,loyal
5205,one_and_done
5206,gradual_churner
5207,gradual_churner
5208,one_and_done
5209,casual
5210,loyal
5211,loyal
5212,loyal
5213,gradual_churner
5214,gradual_churner
5215,loyal
5216,casual
5217,one_and_done
5218,gradual_churner
5219,casual
5220,loyal
5221,casual
5222,loyal
5223,casual
5224,casual
5225,loyal
5226,gradual_churner
5227,gradual_churner
5228,one_and_done
5229,casual
5230,casual
5231,loyal
5232,sudden_churner
5233,sudden_churner
5234,gradual_churner
5235,sudden_churner
5236,casual
5237,casual
5238,gradual_churner
5239,casual
5240,casual
5241,sudden_churner
5242,gradual_churner
5243,gradual_churner
5244,one_and_done
5245,gradual_churner
5246,loyal
5247,gradual_churner
5248,casual
5249,casual
5250,gradual_churner
5251,casual
5252,loyal
5253,loyal
5254,sudden_churner
5255,sudden_churner
5256,gradual_churner
5257,casual
5258,loyal
5259,sudden_churner
5260,casual
5261,one_and_done
5262,gradual_churner
5263,loyal
5264,one_and_done
5265,gradual_churner
5266,loyal
5267,loyal
5268,casual
5269,casual
5270,gradual_churner
5271,loyal
5272,gradual_churner
5273,loyal
5274,gradual_churner
5275,casual
5276,loyal
5277,gradual_churner
5278,gradual_churner
5279,sudden_churner
5280,loyal
5281,gradual_churner
5282,gradual_churner
5283,sudden_churner
5284,casual
5285,one_and_done
5286,sudden_churner
5287,loyal
5288,sudden_churner
5289,gradual_churner
5290,casual
5291,one_and_done
5292,gradual_churner
5293,gradual_churner
5294,sudden_churner
5295,gradual_churner
5296,casual
5297,gradual_churner
5298,sudden_churner
5299,loyal
5300,sudden_churner
5301,gradual_churner
5302,casual
5303,loyal
5304,sudden_churner
5305,casual
5306,casual
5307,one_and_done
5308,sudden_churner
5309,one_and_done
5310,sudden_churner
5311,loyal
5312,casual
5313,loyal
5314,one_and_done
5315,loyal
5316,gradual_churner
5317,sudden_churner
5318,sudden_churner
5319,sudden_churner
5320,sudden_churner
5321,one_and_done
5322,gradual_churner
5323,casual
5324,one_and_done
5325,gradual_churner
5326,loyal
5327,loyal
5328,one_and_done
5329,loyal
5330,one_and_done
5331,one_and_done
5332,gradual_churner
5333,casual
5334,sudden_churner
5335,casual
5336,gradual_churner
5337,loyal
5338,gradual_churner
5339,sudden_churner
5340,casual
5341,loyal
5342,loyal
5343,gradual_churner
5344,casual
5345,casual
5346,one_and_done
5347,gradual_churner
5348,gradual_churner
5349,gradual_churner
5350,gradual_churner
5351,one_and_done
5352,casual
5353,casual
5354,gradual_churner
5355,casual
5356,casual
5357,gradual_churner
5358,loyal
5359,casual
5360,sudden_churner
5361,gradual_churner
5362,loyal
5363,one_and_done
5364,casual
5365,gradual_churner
5366,loyal
5367,one_and_done
5368,loyal
5369,sudden_churner
5370,sudden_churner
5371,loyal
5372,sudden_churner
5373,gradual_churner
5374,loyal
5375,gradual_churner
5376,loyal
5377,casual
5378,sudden_churner
5379,gradual_churner
5380,casual
5381,gradual_churner
5382,one_and_done
5383,casual
5384,gradual_churner
5385,loyal
5386,sudden_churner
5387,one_and_done
5388,casual
5389,gradual_churner
5390,gradual_churner
5391,one_and_done
5392,casual
5393,gradual_churner
5394,loyal
5395,one_and_done
5396,loyal
5397,gradual_churner
5398,gradual_churner
5399,gradual_churner
5400,loyal
5401,casual
5402,gradual_churner
5403,loyal
5404,sudden_churner
5405,loyal
5406,one_and_done
5407,loyal
5408,gradual_churner
5409,gradual_churner
5410,gradual_churner
5411,casual
5412,loyal
5413,gradual_churner
5414,loyal
5415,casual
5416,casual
5417,casual
5418,sudden_churner
5419,gradual_churner
5420,sudden_churner
5421,one_and_done
5422,gradual_churner
5423,sudden_churner
5424,gradual_churner
5425,one_and_done
5426,one_and_done
5427,gradual_churner
5428,gradual_churner
5429,gradual_churner
5430,casual
5431,sudden_churner
5432,gradual_churner
5433,casual
5434,gradual_churner
5435,one_and_done
5436,one_and_done
5437,loyal
5438,gradual_churner
5439,loyal
5440,casual
5441,one_and_done
5442,one_and_done
5443,sudden_churner
5444,gradual_churner
5445,loyal
5446,one_and_done
5447,loyal
5448,one_and_done
5449,gradual_churner
5450,casual
5451,loyal
5452,loyal
5453,gradual_churner
5454,casual
5455,sudden_churner
5456,one_and_done
5457,sudden_churner
5458,loyal
5459,sudden_churner
5460,loyal
5461,casual
5462,sudden_churner
5463,one_and_done
5464,loyal
5465,casual
5466,loyal
5467,loyal
5468,loyal
5469,loyal
5470,casual
5471,loyal
5472,gradual_churner
5473,casual
5474,gradual_churner
5475,casual
5476,sudden_churner
5477,loyal
5478,one_and_done
5479,loyal
5480,gradual_churner
5481,sudden_churner
5482,gradual_churner
5483,gradual_churner
5484,casual
5485,casual
5486,gradual_churner
5487,casual
5488,casual
5489,sudden_churner
5490,sudden_churner
5491,one_and_done
5492,sudden_churner
5493,gradual_churner
5494,casual
5495,loyal
5496,gradual_churner
5497,one_and_done
5498,loyal
5499,gradual_churner
5500,one_and_done
5501,sudden_churner
5502,one_and_done
5503,loyal
5504,casual
5505,one_and_done
5506,casual
5507,gradual_churner
5508,casual
5509,casual
5510,casual
5511,gradual_churner
5512,casual
5513,gradual_churner
5514,casual
5515,casual
5516,sudden_churner
5517,gradual_churner
5518,sudden_churner
5519,casual
5520,casual
5521,sudden_churner
5522,loyal
5523,gradual_churner
5524,gradual_churner
5525,one_and_done
5526,one_and_done
5527,gradual_churner
5528,sudden_churner
5529,one_and_done
5530,one_and_done
5531,casual
5532,casual
5533,casual
5534,gradual_churner
5535,loyal
5536,one_and_done
5537,loyal
5538,casual
5539,sudden_churner
5540,loyal
5541,casual
5542,loyal
5543,one_and_done
5544,loyal
5545,gradual_churner
5546,casual
5547,one_and_done
5548,gradual_churner
5549,gradual_churner
5550,loyal
5551,casual
5552,casual
5553,gradual_churner
5554,sudden_churner
5555,loyal
5556,one_and_done
5557,loyal
5558,gradual_churner
5559,one_and_done
5560,loyal
5561,gradual_churner
5562,loyal
5563,sudden_churner
5564,loyal
5565,loyal
5566,gradual_churner
5567,loyal
5568,loyal
5569,loyal
5570,loyal
5571,sudden_churner
5572,casual
5573,gradual_churner
5574,gradual_churner
5575,casual
5576,one_and_done
5577,loyal
5578,casual
5579,one_and_done
5580,casual
5581,casual
5582,casual
5583,sudden_churner
5584,loyal
5585,one_and_done
5586,gradual_churner
5587,casual
5588,loyal
5589,loyal
5590,gradual_churner
5591,loyal
5592,gradual_churner
5593,loyal
5594,casual
5595,one_and_done
5596,one_and_done
5597,sudden_churner
5598,casual
5599,loyal
5600,gradual_churner
5601,sudden_churner
5602,one_and_done
5603,loyal
5604,gradual_churner
5605,loyal
5606,loyal
5607,one_and_done
5608,loyal
5609,one_and_done
5610,one_and_done
5611,sudden_churner
5612,casual
5613,loyal
5614,one_and_done
5615,one_and_done
5616,casual
5617,sudden_churner
5618,gradual_churner
5619,loyal
5620,one_and_done
5621,loyal
5622,casual
5623,casual
5624,sudden_churner
5625,casual
5626,casual
5627,loyal
5628,loyal
5629,one_and_done
5630,loyal
5631,one_and_done
5632,gradual_churner
5633,one_and_done
5634,sudden_churner
5635,loyal
5636,gradual_churner
5637,gradual_churner
5638,loyal
5639,gradual_churner
5640,sudden_churner
5641,sudden_churner
5642,casual
5643,gradual_churner
5644,one_and_done
5645,loyal
5646,gradual_churner
5647,loyal
5648,loyal
5649,one_and_done
5650,one_and_done
5651,one_and_done
5652,one_and_done
5653,gradual_churner
5654,casual
5655,gradual_churner
5656,gradual_churner
5657,one_and_done
5658,casual
5659,casual
5660,gradual_churner
5661,gradual_churner
5662,loyal
5663,sudden_churner
5664,casual
5665,loyal
5666,sudden_churner
5667,casual
5668,loyal
5669,sudden_churner
5670,sudden_churner
5671,one_and_done
5672,sudden_churner
5673,casual
5674,loyal
5675,one_and_done
5676,gradual_churner
5677,one_and_done
5678,sudden_churner
5679,sudden_churner
5680,loyal
5681,sudden_churner
5682,gradual_churner
5683,sudden_churner
5684,one_and_done
5685,sudden_churner
5686,gradual_churner
5687,loyal
5688,casual
5689,sudden_churner
5690,gradual_churner
5691,sudden_churner
5692,casual
5693,casual
5694,loyal
5695,loyal
5696,loyal
5697,loyal
5698,sudden_churner
5699,casual
5700,one_and_done
5701,gradual_churner
5702,casual
5703,sudden_churner
5704,gradual_churner
5705,one_and_done
5706,loyal
5707,sudden_churner
5708,gradual_churner
5709,casual
5710,gradual_churner
5711,one_and_done
5712,gradual_churner
5713,sudden_churner
5714,sudden_churner
5715,casual
5716,gradual_churner
5717,gradual_churner
5718,loyal
5719,one_and_done
5720,one_and_done
5721,loyal
5722,casual
5723,loyal
5724,gradual_churner
5725,sudden_churner
5726,one_and_done
5727,gradual_churner
5728,casual
5729,one_and_done
5730,casual
5731,gradual_churner
5732,gradual_churner
5733,loyal
5734,casual
5735,casual
5736,casual
5737,one_and_done
5738,gradual_churner
5739,gradual_churner
5740,gradual_churner
5741,loyal
5742,gradual_churner
5743,casual
5744,sudden_churner
5745,sudden_churner
5746,one_and_done
5747,one_and_done
5748,one_and_done
5749,one_and_done
5750,gradual_churner
5751,gradual_churner
5752,casual
5753,gradual_churner
5754,casual
5755,casual
5756,gradual_churner
5757,one_and_done
5758,gradual_churner
5759,casual
5760,sudden_churner
5761,casual
5762,sudden_churner
5763,sudden_churner
5764,loyal
5765,gradual_churner
5766,casual
5767,gradual_churner
5768,gradual_churner
5769,gradual_churner
5770,casual
5771,sudden_churner
5772,casual
5773,loyal
5774,sudden_churner
5775,casual
5776,gradual_churner
5777,gradual_churner
5778,loyal
5779,loyal
5780,loyal
5781,gradual_churner
5782,one_and_done
5783,one_and_done
5784,casual
5785,loyal
5786,one_and_done
5787,casual
5788,casual
5789,gradual_churner
5790,sudden_churner
5791,loyal
5792,loyal
5793,sudden_churner
5794,gradual_churner
5795,gradual_churner
5796,casual
5797,one_and_done
5798,gradual_churner
5799,casual
5800,casual
5801,one_and_done
5802,gradual_churner
5803,casual
5804,gradual_churner
5805,loyal
5806,sudden_churner
5807,loyal
5808,sudden_churner
5809,casual
5810,casual
5811,gradual_churner
5812,loyal
5813,casual
5814,one_and_done
5815,casual
5816,one_and_done
5817,gradual_churner
5818,gradual_churner
5819,casual
5820,sudden_churner
5821,gradual_churner
5822,loyal
5823,sudden_churner
5824,casual
5825,gradual_churner
5826,one_and_done
5827,casual
5828,loyal
5829,sudden_churner
5830,gradual_churner
5831,one_and_done
5832,gradual_churner
5833,one_and_done
5834,loyal
5835,one_and_done
5836,casual
5837,casual
5838,gradual_churner
5839,sudden_churner
5840,casual
5841,loyal
5842,gradual_churner
5843,casual
5844,gradual_churner
5845,sudden_churner
5846,gradual_churner
5847,gradual_churner
5848,sudden_churner
5849,sudden_churner
5850,sudden_churner
5851,loyal
5852,casual
5853,loyal
5854,loyal
5855,sudden_churner
5856,casual
5857,loyal
5858,gradual_churner
5859,loyal
5860,one_and_done
5861,sudden_churner
5862,one_and_done
5863,gradual_churner
5864,casual
5865,sudden_churner
5866,loyal
5867,one_and_done
5868,casual
5869,casual
5870,one_and_done
5871,casual
5872,sudden_churner
5873,sudden_churner
5874,one_and_done
5875,loyal
5876,casual
5877,sudden_churner
5878,casual
5879,sudden_churner
5880,loyal
5881,casual
5882,casual
5883,loyal
5884,sudden_churner
5885,one_and_done
5886,one_and_done
5887,casual
5888,gradual_churner
5889,casual
5890,sudden_churner
5891,gradual_churner
5892,casual
5893,one_and_done
5894,casual
5895,casual
5896,loyal
5897,casual
5898,sudden_churner
5899,sudden_churner
5900,loyal
5901,gradual_churner
5902,sudden_churner
5903,gradual_churner
5904,sudden_churner
5905,gradual_churner
5906,sudden_churner
5907,gradual_churner
5908,loyal
5909,one_and_done
5910,casual
5911,casual
5912,gradual_churner
5913,one_and_done
5914,loyal
5915,sudden_churner
5916,gradual_churner
5917,casual
5918,loyal
5919,loyal
5920,casual
5921,loyal
5922,casual
5923,gradual_churner
5924,gradual_churner
5925,sudden_churner
5926,gradual_churner
5927,sudden_churner
5928,one_and_done
5929,one_and_done
5930,gradual_churner
5931,gradual_churner
5932,sudden_churner
5933,loyal
5934,loyal
5935,gradual_churner
5936,gradual_churner
5937,loyal
5938,casual
5939,loyal
5940,casual
5941,loyal
5942,gradual_churner
5943,casual
5944,casual
5945,casual
5946,casual
5947,gradual_churner
5948,casual
5949,one_and_done
5950,gradual_churner
5951,loyal
5952,sudden_churner
5953,one_and_done
5954,casual
5955,loyal
5956,loyal
5957,casual
5958,sudden_churner
5959,gradual_churner
5960,gradual_churner
5961,gradual_churner
5962,casual
5963,casual
5964,loyal
5965,gradual_churner
5966,one_and_done
5967,sudden_churner
5968,sudden_churner
5969,gradual_churner
5970,casual
5971,casual
5972,loyal
5973,casual
5974,casual
5975,casual
5976,gradual_churner
5977,casual
5978,one_and_done
5979,one_and_done
5980,loyal
5981,casual
5982,loyal
5983,gradual_churner
5984,one_and_done
5985,loyal
5986,gradual_churner
5987,gradual_churner
5988,sudden_churner
5989,casual
5990,casual
5991,sudden_churner
5992,gradual_churner
5993,loyal
5994,loyal
5995,one_and_done
5996,casual
5997,loyal
5998,loyal
5999,loyal
6000,gradual_churner
6001,loyal
6002,one_and_done
6003,gradual_churner
6004,sudden_churner
6005,casual
6006,loyal
6007,one_and_done
6008,gradual_churner
6009,loyal
6010,sudden_churner
6011,sudden_churner
6012,gradual_churner
6013,one_and_done
6014,loyal
6015,loyal
6016,gradual_churner
6017,loyal
6018,one_and_done
6019,loyal
6020,loyal
6021,sudden_churner
6022,gradual_churner
6023,gradual_churner
6024,gradual_churner
6025,gradual_churner
6026,one_and_done
6027,casual
6028,gradual_churner
6029,gradual_churner
6030,gradual_churner
6031,gradual_churner
6032,casual
6033,sudden_churner
6034,casual
6035,casual
6036,sudden_churner
6037,gradual_churner
6038,gradual_churner
6039,loyal
6040,loyal
6041,loyal
6042,one_and_done
6043,loyal
6044,gradual_churner
6045,loyal
6046,one_and_done
6047,casual
6048,loyal
6049,loyal
6050,one_and_done
6051,sudden_churner
6052,casual
6053,one_and_done
6054,one_and_done
6055,sudden_churner
6056,gradual_churner
6057,one_and_done
6058,casual
6059,one_and_done
6060,casual
6061,gradual_churner
6062,one_and_done
6063,casual
6064,one_and_done
6065,one_and_done
6066,one_and_done
6067,gradual_churner
6068,casual
6069,one_and_done
6070,casual
6071,gradual_churner
6072,casual
6073,sudden_churner
6074,casual
6075,sudden_churner
6076,loyal
6077,loyal
6078,gradual_churner
6079,one_and_done
6080,gradual_churner
6081,casual
6082,casual
6083,sudden_churner
6084,gradual_churner
6085,one_and_done
6086,gradual_churner
6087,loyal
6088,casual
6089,loyal
6090,sudden_churner
6091,sudden_churner
6092,one_and_done
6093,loyal
6094,gradual_churner
6095,one_and_done
6096,loyal
6097,sudden_churner
6098,loyal
6099,gradual_churner
6100,one_and_done
6101,gradual_churner
6102,loyal
6103,casual
6104,one_and_done
6105,casual
6106,casual
6107,gradual_churner
6108,gradual_churner
6109,one_and_done
6110,gradual_churner
6111,sudden_churner
6112,casual
6113,loyal
6114,gradual_churner
6115,gradual_churner
6116,sudden_churner
6117,gradual_churner
6118,gradual_churner
6119,gradual_churner
6120,sudden_churner
6121,one_and_done
6122,casual
6123,loyal
6124,casual
6125,one_and_done
6126,casual
6127,gradual_churner
6128,sudden_churner
6129,loyal
6130,sudden_churner
6131,loyal
6132,sudden_churner
6133,gradual_churner
6134,gradual_churner
6135,loyal
6136,sudden_churner
6137,sudden_churner
6138,gradual_churner
6139,sudden_churner
6140,gradual_churner
6141,gradual_churner
6142,loyal
6143,loyal
6144,loyal
6145,one_and_done
6146,gradual_churner
6147,casual
6148,casual
6149,one_and_done
6150,loyal
6151,casual
6152,gradual_churner
6153,sudden_churner
6154,one_and_done
6155,casual
6156,gradual_churner
6157,gradual_churner
6158,casual
6159,casual
6160,gradual_churner
6161,loyal
6162,casual
6163,casual
6164,gradual_churner
6165,sudden_churner
6166,casual
6167,gradual_churner
6168,one_and_done
6169,sudden_churner
6170,gradual_churner
6171,gradual_churner
6172,sudden_churner
6173,casual
6174,casual
6175,gradual_churner
6176,one_and_done
6177,sudden_churner
6178,casual
6179,gradual_churner
6180,one_and_done
6181,one_and_done
6182,gradual_churner
6183,loyal
6184,loyal
6185,gradual_churner
6186,gradual_churner
6187,loyal
6188,casual
6189,gradual_churner
6190,loyal
6191,casual
6192,gradual_churner
6193,one_and_done
6194,casual
6195,loyal
6196,gradual_churner
6197,one_and_done
6198,gradual_churner
6199,casual
6200,one_and_done
6201,casual
6202,loyal
6203,gradual_churner
6204,casual
6205,casual
6206,casual
6207,gradual_churner
6208,loyal
6209,casual
6210,gradual_churner
6211,casual
6212,one_and_done
6213,loyal
6214,casual
6215,gradual_churner
6216,gradual_churner
6217,gradual_churner
6218,casual
6219,casual
6220,loyal
6221,gradual_churner
6222,one_and_done
6223,casual
6224,gradual_churner
6225,loyal
6226,casual
6227,sudden_churner
6228,gradual_churner
6229,gradual_churner
6230,loyal
6231,gradual_churner
6232,gradual_churner
6233,sudden_churner
6234,loyal
6235,casual
6236,gradual_churner
6237,gradual_churner
6238,casual
6239,one_and_done
6240,gradual_churner
6241,gradual_churner
6242,loyal
6243,casual
6244,casual
6245,gradual_churner
6246,gradual_churner
6247,sudden_churner
6248,loyal
6249,loyal
6250,gradual_churner
6251,gradual_churner
6252,loyal
6253,gradual_churner
6254,loyal
6255,casual
6256,casual
6257,casual
6258,one_and_done
6259,one_and_done
6260,sudden_churner
6261,loyal
6262,gradual_churner
6263,casual
6264,casual
6265,casual
6266,gradual_churner
6267,sudden_churner
6268,casual
6269,gradual_churner
6270,one_and_done
6271,sudden_churner
6272,one_and_done
6273,gradual_churner
6274,loyal
6275,one_and_done
6276,loyal
6277,one_and_done
6278,loyal
6279,gradual_churner
6280,one_and_done
6281,one_and_done
6282,sudden_churner
6283,loyal
6284,loyal
6285,gradual_churner
6286,casual
6287,gradual_churner
6288,loyal
6289,sudden_churner
6290,gradual_churner
6291,loyal
6292,gradual_churner
6293,gradual_churner
6294,loyal
6295,one_and_done
6296,casual
6297,loyal
6298,casual
6299,loyal
6300,gradual_churner
6301,gradual_churner
6302,gradual_churner
6303,loyal
6304,sudden_churner
6305,sudden_churner
6306,casual
6307,one_and_done
6308,sudden_churner
6309,gradual_churner
6310,one_and_done
6311,one_and_done
6312,gradual_churner
6313,sudden_churner
6314,loyal
6315,one_and_done
6316,sudden_churner
6317,casual
6318,gradual_churner
6319,casual
6320,gradual_churner
6321,one_and_done
6322,loyal
6323,casual
6324,gradual_churner
6325,loyal
6326,loyal
6327,one_and_done
6328,casual
6329,gradual_churner
6330,casual
6331,loyal
6332,gradual_churner
6333,loyal
6334,sudden_churner
6335,sudden_churner
6336,gradual_churner
6337,sudden_churner
6338,gradual_churner
6339,casual
6340,sudden_churner
6341,gradual_churner
6342,casual
6343,sudden_churner
6344,sudden_churner
6345,sudden_churner
6346,gradual_churner
6347,loyal
6348,loyal
6349,loyal
6350,gradual_churner
6351,casual
6352,loyal
6353,gradual_churner
6354,loyal
6355,sudden_churner
6356,gradual_churner
6357,sudden_churner
6358,loyal
6359,one_and_done
6360,casual
6361,gradual_churner
6362,casual
6363,casual
6364,casual
6365,loyal
6366,sudden_churner
6367,casual
6368,sudden_churner
6369,sudden_churner
6370,one_and_done
6371,loyal
6372,gradual_churner
6373,one_and_done
6374,casual
6375,loyal
6376,one_and_done
6377,loyal
6378,gradual_churner
6379,gradual_churner
6380,one_and_done
6381,casual
6382,casual
6383,casual
6384,casual
6385,casual
6386,casual
6387,casual
6388,one_and_done
6389,casual
6390,gradual_churner
6391,casual
6392,gradual_churner
6393,casual
6394,gradual_churner
6395,casual
6396,loyal
6397,casual
6398,casual
6399,one_and_done
6400,loyal
6401,one_and_done
6402,loyal
6403,casual
6404,loyal
6405,sudden_churner
6406,loyal
6407,gradual_churner
6408,sudden_churner
6409,casual
6410,sudden_churner
6411,loyal
6412,loyal
6413,sudden_churner
6414,casual
6415,gradual_churner
6416,sudden_churner
6417,sudden_churner
6418,casual
6419,casual
6420,sudden_churner
6421,loyal
6422,casual
6423,gradual_churner
6424,gradual_churner
6425,casual
6426,one_and_done
6427,sudden_churner
6428,sudden_churner
6429,gradual_churner
6430,one_and_done
6431,casual
6432,sudden_churner
6433,sudden_churner
6434,gradual_churner
6435,casual
6436,casual
6437,casual
6438,casual
6439,casual
6440,one_and_done
6441,sudden_churner
6442,sudden_churner
6443,casual
6444,loyal
6445,sudden_churner
6446,gradual_churner
6447,sudden_churner
6448,loyal
6449,loyal
6450,gradual_churner
6451,sudden_churner
6452,casual
6453,casual
6454,sudden_churner
6455,one_and_done
6456,gradual_churner
6457,gradual_churner
6458,loyal
6459,loyal
6460,casual
6461,one_and_done
6462,casual
6463,casual
6464,gradual_churner
6465,gradual_churner
6466,casual
6467,sudden_churner
6468,sudden_churner
6469,loyal
6470,casual
6471,gradual_churner
6472,loyal
6473,gradual_churner
6474,gradual_churner
6475,gradual_churner
6476,casual
6477,casual
6478,casual
6479,casual
6480,one_and_done
6481,gradual_churner
6482,gradual_churner
6483,sudden_churner
6484,casual
6485,gradual_churner
6486,casual
6487,gradual_churner
6488,loyal
6489,casual
6490,casual
6491,gradual_churner
6492,casual
6493,sudden_churner
6494,one_and_done
6495,gradual_churner
6496,gradual_churner
6497,one_and_done
6498,loyal
6499,casual
6500,casual
6501,gradual_churner
6502,one_and_done
6503,sudden_churner
6504,casual
6505,casual
6506,casual
6507,casual
6508,sudden_churner
6509,gradual_churner
6510,gradual_churner
6511,gradual_churner
6512,one_and_done
6513,casual
6514,gradual_churner
6515,one_and_done
6516,casual
6517,loyal
6518,casual
6519,gradual_churner
6520,casual
6521,casual
6522,one_and_done
6523,gradual_churner
6524,one_and_done
6525,loyal
6526,casual
6527,casual
6528,one_and_done
6529,one_and_done
6530,sudden_churner
6531,one_and_done
6532,casual
6533,loyal
6534,loyal
6535,one_and_done
6536,one_and_done
6537,gradual_churner
6538,sudden_churner
6539,loyal
6540,gradual_churner
6541,one_and_done
6542,sudden_churner
6543,casual
6544,loyal
6545,casual
6546,one_and_done
6547,loyal
6548,loyal
6549,gradual_churner
6550,one_and_done
6551,loyal
6552,loyal
6553,loyal
6554,casual
6555,sudden_churner
6556,casual
6557,gradual_churner
6558,sudden_churner
6559,one_and_done
6560,one_and_done
6561,loyal
6562,casual
6563,gradual_churner
6564,one_and_done
6565,sudden_churner
6566,casual
6567,sudden_churner
6568,gradual_churner
6569,casual
6570,casual
6571,gradual_churner
6572,one_and_done
6573,gradual_churner
6574,casual
6575,casual
6576,one_and_done
6577,loyal
6578,casual
6579,loyal
6580,one_and_done
6581,sudden_churner
6582,gradual_churner
6583,loyal
6584,gradual_churner
6585,gradual_churner
6586,one_and_done
6587,loyal
6588,one_and_done
6589,loyal
6590,one_and_done
6591,loyal
6592,one_and_done
6593,casual
6594,casual
6595,sudden_churner
6596,one_and_done
6597,loyal
6598,sudden_churner
6599,one_and_done
6600,casual
6601,sudden_churner
6602,casual
6603,loyal
6604,casual
6605,casual
6606,casual
6607,one_and_done
6608,one_and_done
6609,sudden_churner
6610,gradual_churner
6611,gradual_churner
6612,one_and_done
6613,loyal
6614,gradual_churner
6615,loyal
6616,gradual_churner
6617,loyal
6618,loyal
6619,loyal
6620,loyal
6621,casual
6622,casual
6623,gradual_churner
6624,loyal
6625,gradual_churner
6626,casual
6627,gradual_churner
6628,gradual_churner
6629,sudden_churner
6630,casual
6631,loyal
6632,gradual_churner
6633,sudden_churner
6634,gradual_churner
6635,loyal
6636,loyal
6637,loyal
6638,gradual_churner
6639,casual
6640,loyal
6641,gradual_churner
6642,gradual_churner
6643,casual
6644,one_and_done
6645,loyal
6646,gradual_churner
6647,one_and_done
6648,loyal
6649,sudden_churner
6650,casual
6651,casual
6652,casual
6653,loyal
6654,one_and_done
6655,one_and_done
6656,gradual_churner
6657,gradual_churner
6658,gradual_churner
6659,one_and_done
6660,one_and_done
6661,one_and_done
6662,casual
6663,gradual_churner
6664,sudden_churner
6665,loyal
6666,casual
6667,loyal
6668,one_and_done
6669,casual
6670,casual
6671,casual
6672,gradual_churner
6673,gradual_churner
6674,one_and_done
6675,gradual_churner
6676,loyal
6677,gradual_churner
6678,gradual_churner
6679,sudden_churner
6680,loyal
6681,one_and_done
6682,sudden_churner
6683,one_and_done
6684,loyal
6685,casual
6686,sudden_churner
6687,gradual_churner
6688,gradual_churner
6689,casual
6690,casual
6691,loyal
6692,one_and_done
6693,sudden_churner
6694,loyal
6695,casual
6696,gradual_churner
6697,casual
6698,sudden_churner
6699,sudden_churner
6700,casual
6701,one_and_done
6702,loyal
6703,one_and_done
6704,casual
6705,casual
6706,gradual_churner
6707,loyal
6708,gradual_churner
6709,sudden_churner
6710,loyal
6711,sudden_churner
6712,one_and_done
6713,gradual_churner
6714,gradual_churner
6715,sudden_churner
6716,casual
6717,casual
6718,sudden_churner
6719,one_and_done
6720,one_and_done
6721,loyal
6722,gradual_churner
6723,sudden_churner
6724,one_and_done
6725,casual
6726,gradual_churner
6727,loyal
6728,loyal
6729,gradual_churner
6730,one_and_done
6731,loyal
6732,one_and_done
6733,sudden_churner
6734,one_and_done
6735,gradual_churner
6736,loyal
6737,casual
6738,loyal
6739,casual
6740,one_and_done
6741,casual
6742,gradual_churner
6743,sudden_churner
6744,casual
6745,loyal
6746,casual
6747,one_and_done
6748,one_and_done
6749,loyal
6750,casual
6751,one_and_done
6752,sudden_churner
6753,sudden_churner
6754,gradual_churner
6755,gradual_churner
6756,sudden_churner
6757,one_and_done
6758,casual
6759,loyal
6760,loyal
6761,one_and_done
6762,casual
6763,one_and_done
6764,sudden_churner
6765,casual
6766,sudden_churner
6767,gradual_churner
6768,casual
6769,gradual_churner
6770,gradual_churner
6771,gradual_churner
6772,loyal
6773,sudden_churner
6774,gradual_churner
6775,one_and_done
6776,casual
6777,one_and_done
6778,gradual_churner
6779,casual
6780,casual
6781,loyal
6782,one_and_done
6783,sudden_churner
6784,loyal
6785,casual
6786,sudden_churner
6787,casual
6788,gradual_churner
6789,loyal
6790,gradual_churner
6791,gradual_churner
6792,sudden_churner
6793,gradual_churner
6794,gradual_churner
6795,casual
6796,one_and_done
6797,sudden_churner
6798,loyal
6799,loyal
6800,gradual_churner
6801,loyal
6802,casual
6803,sudden_churner
6804,loyal
6805,casual
6806,sudden_churner
6807,loyal
6808,gradual_churner
6809,one_and_done
6810,sudden_churner
6811,one_and_done
6812,sudden_churner
6813,gradual_churner
6814,casual
6815,casual
6816,one_and_done
6817,gradual_churner
6818,one_and_done
6819,gradual_churner
6820,casual
6821,gradual_churner
6822,gradual_churner
6823,casual
6824,casual
6825,gradual_churner
6826,one_and_done
6827,one_and_done
6828,sudden_churner
6829,casual
6830,sudden_churner
6831,casual
6832,gradual_churner
6833,gradual_churner
6834,sudden_churner
6835,casual
6836,sudden_churner
6837,loyal
6838,one_and_done
6839,sudden_churner
6840,gradual_churner
6841,loyal
6842,loyal
6843,gradual_churner
6844,sudden_churner
6845,gradual_churner
6846,loyal
6847,loyal
6848,casual
6849,casual
6850,one_and_done
6851,casual
6852,loyal
6853,gradual_churner
6854,sudden_churner
6855,casual
6856,casual
6857,casual
6858,gradual_churner
6859,gradual_churner
6860,one_and_done
6861,gradual_churner
6862,loyal
6863,gradual_churner
6864,one_and_done
6865,casual
6866,sudden_churner
6867,sudden_churner
6868,casual
6869,loyal
6870,loyal
6871,one_and_done
6872,one_and_done
6873,one_and_done
6874,casual
6875,loyal
6876,loyal
6877,gradual_churner
6878,gradual_churner
6879,one_and_done
6880,one_and_done
6881,casual
6882,casual
6883,casual
6884,casual
6885,casual
6886,loyal
6887,one_and_done
6888,sudden_churner
6889,casual
6890,casual
6891,sudden_churner
6892,casual
6893,casual
6894,loyal
6895,gradual_churner
6896,casual
6897,loyal
6898,gradual_churner
6899,gradual_churner
6900,casual
6901,gradual_churner
6902,loyal
6903,casual
6904,sudden_churner
6905,casual
6906,casual
6907,casual
6908,one_and_done
6909,casual
6910,loyal
6911,sudden_churner
6912,sudden_churner
6913,gradual_churner
6914,loyal
6915,casual
6916,loyal
6917,sudden_churner
6918,gradual_churner
6919,sudden_churner
6920,loyal
6921,gradual_churner
6922,sudden_churner
6923,sudden_churner
6924,loyal
6925,sudden_churner
6926,gradual_churner
6927,loyal
6928,gradual_churner
6929,one_and_done
6930,gradual_churner
6931,casual
6932,gradual_churner
6933,loyal
6934,one_and_done
6935,casual
6936,casual
6937,sudden_churner
6938,casual
6939,loyal
6940,sudden_churner
6941,gradual_churner
6942,gradual_churner
6943,casual
6944,gradual_churner
6945,sudden_churner
6946,casual
6947,sudden_churner
6948,one_and_done
6949,gradual_churner
6950,gradual_churner
6951,sudden_churner
6952,gradual_churner
6953,loyal
6954,gradual_churner
6955,loyal
6956,loyal
6957,loyal
6958,loyal
6959,casual
6960,gradual_churner
6961,sudden_churner
6962,sudden_churner
6963,casual
6964,casual
6965,loyal
6966,gradual_churner
6967,one_and_done
6968,gradual_churner
6969,one_and_done
6970,casual
6971,gradual_churner
6972,casual
6973,gradual_churner
6974,gradual_churner
6975,casual
6976,gradual_churner
6977,one_and_done
6978,casual
6979,loyal
6980,loyal
6981,loyal
6982,casual
6983,casual
6984,loyal
6985,gradual_churner
6986,casual
6987,sudden_churner
6988,casual
6989,one_and_done
6990,loyal
6991,one_and_done
6992,gradual_churner
6993,casual
6994,sudden_churner
6995,sudden_churner
6996,gradual_churner
6997,gradual_churner
6998,casual
6999,gradual_churner
7000,one_and_done
7001,gradual_churner
7002,one_and_done
7003,gradual_churner
7004,one_and_done
7005,loyal
7006,gradual_churner
7007,gradual_churner
7008,gradual_churner
7009,sudden_churner
7010,one_and_done
7011,sudden_churner
7012,sudden_churner
7013,loyal
7014,loyal
7015,one_and_done
7016,gradual_churner
7017,gradual_churner
7018,loyal
7019,gradual_churner
7020,casual
7021,gradual_churner
7022,sudden_churner
7023,gradual_churner
7024,gradual_churner
7025,casual
7026,gradual_churner
7027,one_and_done
7028,loyal
7029,gradual_churner
7030,casual
7031,sudden_churner
7032,casual
7033,loyal
7034,casual
7035,gradual_churner
7036,loyal
7037,one_and_done
7038,gradual_churner
7039,casual
7040,sudden_churner
7041,casual
7042,gradual_churner
7043,gradual_churner
7044,sudden_churner
7045,gradual_churner
7046,casual
7047,gradual_churner
7048,loyal
7049,casual
7050,gradual_churner
7051,loyal
7052,one_and_done
7053,one_and_done
7054,gradual_churner
7055,one_and_done
7056,loyal
7057,sudden_churner
7058,casual
7059,casual
7060,one_and_done
7061,loyal
7062,one_and_done
7063,loyal
7064,loyal
7065,sudden_churner
7066,casual
7067,gradual_churner
7068,casual
7069,gradual_churner
7070,casual
7071,gradual_churner
7072,gradual_churner
7073,sudden_churner
7074,one_and_done
7075,casual
7076,gradual_churner
7077,sudden_churner
7078,casual
7079,sudden_churner
7080,gradual_churner
7081,casual
7082,one_and_done
7083,one_and_done
7084,casual
7085,casual
7086,casual
7087,casual
7088,casual
7089,loyal
7090,casual
7091,gradual_churner
7092,gradual_churner
7093,casual
7094,casual
7095,casual
7096,loyal
7097,loyal
7098,one_and_done
7099,casual
7100,loyal
7101,casual
7102,loyal
7103,one_and_done
7104,gradual_churner
7105,gradual_churner
7106,loyal
7107,casual
7108,gradual_churner
7109,gradual_churner
7110,gradual_churner
7111,sudden_churner
7112,casual
7113,gradual_churner
7114,casual
7115,one_and_done
7116,casual
7117,loyal
7118,casual
7119,loyal
7120,gradual_churner
7121,sudden_churner
7122,loyal
7123,sudden_churner
7124,sudden_churner
7125,gradual_churner
7126,casual
7127,casual
7128,one_and_done
7129,gradual_churner
7130,gradual_churner
7131,sudden_churner
7132,casual
7133,gradual_churner
7134,one_and_done
7135,sudden_churner
7136,casual
7137,one_and_done
7138,casual
7139,casual
7140,casual
7141,casual
7142,gradual_churner
7143,loyal
7144,loyal
7145,loyal
7146,loyal
7147,one_and_done
7148,gradual_churner
7149,casual
7150,sudden_churner
7151,casual
7152,sudden_churner
7153,gradual_churner
7154,casual
7155,sudden_churner
7156,sudden_churner
7157,one_and_done
7158,loyal
7159,one_and_done
7160,sudden_churner
7161,sudden_churner
7162,gradual_churner
7163,loyal
7164,gradual_churner
7165,casual
7166,sudden_churner
7167,sudden_churner
7168,one_and_done
7169,one_and_done
7170,casual
7171,casual
7172,loyal
7173,loyal
7174,gradual_churner
7175,loyal
7176,casual
7177,gradual_churner
7178,casual
7179,gradual_churner
7180,sudden_churner
7181,gradual_churner
7182,casual
7183,loyal
7184,sudden_churner
7185,gradual_churner
7186,gradual_churner
7187,casual
7188,casual
7189,casual
7190,casual
7191,gradual_churner
7192,sudden_churner
7193,gradual_churner
7194,sudden_churner
7195,loyal
7196,one_and_done
7197,one_and_done
7198,casual
7199,gradual_churner
7200,loyal
7201,sudden_churner
7202,one_and_done
7203,sudden_churner
7204,sudden_churner
7205,casual
7206,loyal
7207,casual
7208,loyal
7209,loyal
7210,sudden_churner
7211,casual
7212,casual
7213,casual
7214,sudden_churner
7215,gradual_churner
7216,one_and_done
7217,loyal
7218,casual
7219,casual
7220,loyal
7221,loyal
7222,casual
7223,casual
7224,gradual_churner
7225,casual
7226,loyal
7227,gradual_churner
7228,one_and_done
7229,loyal
7230,gradual_churner
7231,sudden_churner
7232,gradual_churner
7233,gradual_churner
7234,one_and_done
7235,gradual_churner
7236,one_and_done
7237,casual
7238,casual
7239,sudden_churner
7240,gradual_churner
7241,casual
7242,gradual_churner
7243,gradual_churner
7244,casual
7245,one_and_done
7246,casual
7247,casual
7248,gradual_churner
7249,gradual_churner
7250,casual
7251,loyal
7252,sudden_churner
7253,gradual_churner
7254,loyal
7255,casual
7256,one_and_done
7257,casual
7258,gradual_churner
7259,sudden_churner
7260,one_and_done
7261,one_and_done
7262,casual
7263,casual
7264,casual
7265,sudden_churner
7266,one_and_done
7267,gradual_churner
7268,gradual_churner
7269,sudden_churner
7270,sudden_churner
7271,one_and_done
7272,sudden_churner
7273,casual
7274,gradual_churner
7275,loyal
7276,casual
7277,gradual_churner
7278,casual
7279,casual
7280,one_and_done
7281,one_and_done
7282,gradual_churner
7283,gradual_churner
7284,gradual_churner
7285,loyal
7286,loyal
7287,one_and_done
7288,casual
7289,one_and_done
7290,gradual_churner
7291,casual
7292,one_and_done
7293,one_and_done
7294,sudden_churner
7295,casual
7296,casual
7297,sudden_churner
7298,gradual_churner
7299,gradual_churner
7300,sudden_churner
7301,gradual_churner
7302,loyal
7303,loyal
7304,loyal
7305,loyal
7306,sudden_churner
7307,one_and_done
7308,one_and_done
7309,gradual_churner
7310,one_and_done
7311,sudden_churner
7312,one_and_done
7313,one_and_done
7314,one_and_done
7315,gradual_churner
7316,loyal
7317,gradual_churner
7318,casual
7319,sudden_churner
7320,loyal
7321,loyal
7322,one_and_done
7323,gradual_churner
7324,gradual_churner
7325,gradual_churner
7326,casual
7327,casual
7328,gradual_churner
7329,sudden_churner
7330,gradual_churner
7331,sudden_churner
7332,gradual_churner
7333,casual
7334,one_and_done
7335,loyal
7336,sudden_churner
7337,casual
7338,loyal
7339,sudden_churner
7340,sudden_churner
7341,one_and_done
7342,casual
7343,casual
7344,casual
7345,casual
7346,gradual_churner
7347,gradual_churner
7348,casual
7349,gradual_churner
7350,casual
7351,sudden_churner
7352,loyal
7353,loyal
7354,gradual_churner
7355,one_and_done
7356,sudden_churner
7357,sudden_churner
7358,sudden_churner
7359,sudden_churner
7360,gradual_churner
7361,casual
7362,one_and_done
7363,sudden_churner
7364,sudden_churner
7365,gradual_churner
7366,one_and_done
7367,gradual_churner
7368,gradual_churner
7369,gradual_churner
7370,loyal
7371,loyal
7372,gradual_churner
7373,loyal
7374,gradual_churner
7375,one_and_done
7376,loyal
7377,one_and_done
7378,gradual_churner
7379,loyal
7380,casual
7381,sudden_churner
7382,loyal
7383,casual
7384,loyal
7385,casual
7386,casual
7387,loyal
7388,gradual_churner
7389,loyal
7390,sudden_churner
7391,one_and_done
7392,loyal
7393,casual
7394,casual
7395,loyal
7396,sudden_churner
7397,loyal
7398,casual
7399,one_and_done
7400,sudden_churner
7401,casual
7402,casual
7403,casual
7404,casual
7405,sudden_churner
7406,loyal
7407,gradual_churner
7408,gradual_churner
7409,gradual_churner
7410,gradual_churner
7411,casual
7412,one_and_done
7413,casual
7414,loyal
7415,loyal
7416,loyal
7417,one_and_done
7418,gradual_churner
7419,casual
7420,loyal
7421,gradual_churner
7422,loyal
7423,gradual_churner
7424,casual
7425,gradual_churner
7426,one_and_done
7427,gradual_churner
7428,gradual_churner
7429,one_and_done
7430,one_and_done
7431,casual
7432,sudden_churner
7433,gradual_churner
7434,loyal
7435,gradual_churner
7436,one_and_done
7437,gradual_churner
7438,casual
7439,one_and_done
7440,one_and_done
7441,gradual_churner
7442,casual
7443,gradual_churner
7444,casual
7445,casual
7446,gradual_churner
7447,casual
7448,casual
7449,gradual_churner
7450,gradual_churner
7451,casual
7452,one_and_done
7453,sudden_churner
7454,sudden_churner
7455,sudden_churner
7456,casual
7457,casual
7458,casual
7459,casual
7460,casual
7461,casual
7462,sudden_churner
7463,sudden_churner
7464,one_and_done
7465,one_and_done
7466,gradual_churner
7467,gradual_churner
7468,sudden_churner
7469,gradual_churner
7470,casual
7471,casual
7472,sudden_churner
7473,loyal
7474,gradual_churner
7475,sudden_churner
7476,gradual_churner
7477,gradual_churner
7478,gradual_churner
7479,sudden_churner
7480,one_and_done
7481,loyal
7482,casual
7483,loyal
7484,loyal
7485,casual
7486,casual
7487,sudden_churner
7488,gradual_churner
7489,casual
7490,loyal
7491,casual
7492,sudden_churner
7493,one_and_done
7494,gradual_churner
7495,sudden_churner
7496,casual
7497,casual
7498,loyal
7499,gradual_churner
7500,casual
7501,loyal
7502,loyal
7503,gradual_churner
7504,loyal
7505,loyal
7506,gradual_churner
7507,gradual_churner
7508,sudden_churner
7509,gradual_churner
7510,one_and_done
7511,sudden_churner
7512,casual
7513,sudden_churner
7514,sudden_churner
7515,sudden_churner
7516,one_and_done
7517,loyal
7518,casual
7519,gradual_churner
7520,loyal
7521,gradual_churner
7522,gradual_churner
7523,loyal
7524,sudden_churner
7525,gradual_churner
7526,gradual_churner
7527,casual
7528,casual
7529,loyal
7530,casual
7531,casual
7532,loyal
7533,loyal
7534,casual
7535,gradual_churner
7536,one_and_done
7537,one_and_done
7538,one_and_done
7539,sudden_churner
7540,casual
7541,one_and_done
7542,loyal
7543,gradual_churner
7544,loyal
7545,one_and_done
7546,one_and_done
7547,sudden_churner
7548,gradual_churner
7549,gradual_churner
7550,gradual_churner
7551,one_and_done
7552,casual
7553,gradual_churner
7554,one_and_done
7555,one_and_done
7556,casual
7557,sudden_churner
7558,sudden_churner
7559,gradual_churner
7560,gradual_churner
7561,loyal
7562,loyal
7563,casual
7564,sudden_churner
7565,loyal
7566,casual
7567,gradual_churner
7568,gradual_churner
7569,gradual_churner
7570,casual
7571,loyal
7572,gradual_churner
7573,loyal
7574,gradual_churner
7575,casual
7576,gradual_churner
7577,one_and_done
7578,sudden_churner
7579,gradual_churner
7580,sudden_churner
7581,gradual_churner
7582,sudden_churner
7583,one_and_done
7584,gradual_churner
7585,gradual_churner
7586,gradual_churner
7587,gradual_churner
7588,one_and_done
7589,loyal
7590,casual
7591,one_and_done
7592,sudden_churner
7593,casual
7594,gradual_churner
7595,one_and_done
7596,casual
7597,loyal
7598,gradual_churner
7599,sudden_churner
7600,casual
7601,gradual_churner
7602,casual
7603,casual
7604,gradual_churner
7605,gradual_churner
7606,one_and_done
7607,loyal
7608,sudden_churner
7609,gradual_churner
7610,gradual_churner
7611,sudden_churner
7612,one_and_done
7613,casual
7614,gradual_churner
7615,sudden_churner
7616,gradual_churner
7617,gradual_churner
7618,loyal
7619,loyal
7620,one_and_done
7621,sudden_churner
7622,one_and_done
7623,loyal
7624,casual
7625,one_and_done
7626,loyal
7627,one_and_done
7628,loyal
7629,loyal
7630,gradual_churner
7631,loyal
7632,casual
7633,casual
7634,one_and_done
7635,sudden_churner
7636,loyal
7637,gradual_churner
7638,loyal
7639,loyal
7640,sudden_churner
7641,casual
7642,loyal
7643,one_and_done
7644,loyal
7645,casual
7646,loyal
7647,loyal
7648,sudden_churner
7649,gradual_churner
7650,casual
7651,loyal
7652,casual
7653,gradual_churner
7654,loyal
7655,gradual_churner
7656,one_and_done
7657,casual
7658,sudden_churner
7659,loyal
7660,loyal
7661,loyal
7662,casual
7663,casual
7664,casual
7665,one_and_done
7666,sudden_churner
7667,casual
7668,gradual_churner
7669,casual
7670,sudden_churner
7671,casual
7672,loyal
7673,sudden_churner
7674,gradual_churner
7675,one_and_done
7676,gradual_churner
7677,gradual_churner
7678,sudden_churner
7679,casual
7680,casual
7681,one_and_done
7682,casual
7683,casual
7684,gradual_churner
7685,gradual_churner
7686,casual
7687,one_and_done
7688,casual
7689,loyal
7690,casual
7691,loyal
7692,sudden_churner
7693,one_and_done
7694,one_and_done
7695,sudden_churner
7696,casual
7697,gradual_churner
7698,gradual_churner
7699,gradual_churner
7700,casual
7701,gradual_churner
7702,sudden_churner
7703,one_and_done
7704,loyal
7705,loyal
7706,gradual_churner
7707,casual
7708,sudden_churner
7709,loyal
7710,casual
7711,loyal
7712,loyal
7713,gradual_churner
7714,sudden_churner
7715,one_and_done
7716,gradual_churner
7717,gradual_churner
7718,casual
7719,gradual_churner
7720,one_and_done
7721,sudden_churner
7722,one_and_done
7723,loyal
7724,loyal
7725,sudden_churner
7726,loyal
7727,casual
7728,gradual_churner
7729,one_and_done
7730,casual
7731,gradual_churner
7732,sudden_churner
7733,sudden_churner
7734,casual
7735,one_and_done
7736,casual
7737,gradual_churner
7738,one_and_done
7739,one_and_done
7740,one_and_done
7741,casual
7742,gradual_churner
7743,gradual_churner
7744,casual
7745,gradual_churner
7746,gradual_churner
7747,sudden_churner
7748,gradual_churner
7749,gradual_churner
7750,loyal
7751,one_and_done
7752,casual
7753,loyal
7754,one_and_done
7755,one_and_done
7756,casual
7757,sudden_churner
7758,loyal
7759,casual
7760,gradual_churner
7761,sudden_churner
7762,loyal
7763,sudden_churner
7764,loyal
7765,casual
7766,loyal
7767,one_and_done
7768,gradual_churner
7769,gradual_churner
7770,loyal
7771,sudden_churner
7772,sudden_churner
7773,one_and_done
7774,sudden_churner
7775,one_and_done
7776,sudden_churner
7777,loyal
7778,gradual_churner
7779,loyal
7780,sudden_churner
7781,casual
7782,loyal
7783,casual
7784,gradual_churner
7785,sudden_churner
7786,casual
7787,gradual_churner
7788,gradual_churner
7789,gradual_churner
7790,loyal
7791,gradual_churner
7792,casual
7793,gradual_churner
7794,casual
7795,casual
7796,one_and_done
7797,sudden_churner
7798,sudden_churner
7799,loyal
7800,sudden_churner
7801,one_and_done
7802,one_and_done
7803,loyal
7804,loyal
7805,casual
7806,sudden_churner
7807,one_and_done
7808,sudden_churner
7809,casual
7810,gradual_churner
7811,casual
7812,gradual_churner
7813,sudden_churner
7814,casual
7815,gradual_churner
7816,one_and_done
7817,gradual_churner
7818,gradual_churner
7819,sudden_churner
7820,gradual_churner
7821,gradual_churner
7822,gradual_churner
7823,casual
7824,casual
7825,sudden_churner
7826,gradual_churner
7827,sudden_churner
7828,gradual_churner
7829,one_and_done
7830,sudden_churner
7831,loyal
7832,sudden_churner
7833,gradual_churner
7834,casual
7835,gradual_churner
7836,casual
7837,casual
7838,loyal
7839,casual
7840,one_and_done
7841,sudden_churner
7842,casual
7843,casual
7844,one_and_done
7845,casual
7846,gradual_churner
7847,loyal
7848,loyal
7849,gradual_churner
7850,gradual_churner
7851,loyal
7852,gradual_churner
7853,loyal
7854,gradual_churner
7855,loyal
7856,sudden_churner
7857,gradual_churner
7858,gradual_churner
7859,casual
7860,casual
7861,casual
7862,casual
7863,casual
7864,loyal
7865,one_and_done
7866,gradual_churner
7867,one_and_done
7868,one_and_done
7869,casual
7870,sudden_churner
7871,casual
7872,loyal
7873,loyal
7874,gradual_churner
7875,loyal
7876,casual
7877,casual
7878,sudden_churner
7879,gradual_churner
7880,loyal
7881,sudden_churner
7882,sudden_churner
7883,one_and_done
7884,one_and_done
7885,gradual_churner
7886,gradual_churner
7887,casual
7888,casual
7889,casual
7890,casual
7891,sudden_churner
7892,gradual_churner
7893,loyal
7894,one_and_done
7895,casual
7896,loyal
7897,one_and_done
7898,gradual_churner
7899,gradual_churner
7900,one_and_done
7901,casual
7902,sudden_churner
7903,sudden_churner
7904,sudden_churner
7905,one_and_done
7906,loyal
7907,gradual_churner
7908,gradual_churner
7909,sudden_churner
7910,gradual_churner
7911,one_and_done
7912,casual
7913,gradual_churner
7914,casual
7915,gradual_churner
7916,loyal
7917,loyal
7918,casual
7919,sudden_churner
7920,one_and_done
7921,casual
7922,sudden_churner
7923,casual
7924,sudden_churner
7925,gradual_churner
7926,one_and_done
7927,casual
7928,gradual_churner
7929,gradual_churner
7930,casual
7931,casual
7932,gradual_churner
7933,one_and_done
7934,casual
7935,sudden_churner
7936,casual
7937,loyal
7938,casual
7939,one_and_done
7940,one_and_done
7941,sudden_churner
7942,loyal
7943,sudden_churner
7944,sudden_churner
7945,gradual_churner
7946,loyal
7947,sudden_churner
7948,sudden_churner
7949,gradual_churner
7950,gradual_churner
7951,sudden_churner
7952,casual
7953,loyal
7954,loyal
7955,sudden_churner
7956,gradual_churner
7957,gradual_churner
7958,loyal
7959,sudden_churner
7960,loyal
7961,loyal
7962,gradual_churner
7963,loyal
7964,sudden_churner
7965,loyal
7966,loyal
7967,casual
7968,casual
7969,gradual_churner
7970,one_and_done
7971,loyal
7972,casual
7973,sudden_churner
7974,loyal
7975,one_and_done
7976,one_and_done
7977,casual
7978,sudden_churner
7979,gradual_churner
7980,sudden_churner
7981,gradual_churner
7982,one_and_done
7983,gradual_churner
7984,loyal
7985,one_and_done
7986,gradual_churner
7987,one_and_done
7988,loyal
7989,casual
7990,gradual_churner
7991,one_and_done
7992,casual
7993,loyal
7994,loyal
7995,loyal
7996,sudden_churner
7997,gradual_churner
7998,loyal
7999,loyal
8000,sudden_churner
8001,sudden_churner
8002,casual
8003,one_and_done
8004,loyal
8005,casual
8006,one_and_done
8007,loyal
8008,gradual_churner
8009,gradual_churner
8010,gradual_churner
8011,gradual_churner
8012,sudden_churner
8013,loyal
8014,one_and_done
8015,casual
8016,casual
8017,one_and_done
8018,casual
8019,sudden_churner
8020,casual
8021,gradual_churner
8022,casual
8023,sudden_churner
8024,casual
8025,casual
8026,loyal
8027,gradual_churner
8028,gradual_churner
8029,casual
8030,loyal
8031,gradual_churner
8032,gradual_churner
8033,gradual_churner
8034,casual
8035,loyal
8036,loyal
8037,gradual_churner
8038,one_and_done
8039,gradual_churner
8040,casual
8041,one_and_done
8042,one_and_done
8043,casual
8044,one_and_done
8045,casual
8046,casual
8047,loyal
8048,casual
8049,one_and_done
8050,one_and_done
8051,loyal
8052,sudden_churner
8053,loyal
8054,casual
8055,gradual_churner
8056,loyal
8057,casual
8058,gradual_churner
8059,casual
8060,gradual_churner
8061,casual
8062,gradual_churner
8063,sudden_churner
8064,casual
8065,gradual_churner
8066,sudden_churner
8067,sudden_churner
8068,one_and_done
8069,sudden_churner
8070,one_and_done
8071,casual
8072,loyal
8073,casual
8074,casual
8075,gradual_churner
8076,one_and_done
8077,one_and_done
8078,sudden_churner
8079,one_and_done
8080,sudden_churner
8081,loyal
8082,casual
8083,casual
8084,casual
8085,loyal
8086,loyal
8087,one_and_done
8088,loyal
8089,loyal
8090,loyal
8091,sudden_churner
8092,casual
8093,casual
8094,casual
8095,gradual_churner
8096,one_and_done
8097,loyal
8098,casual
8099,gradual_churner
8100,loyal
8101,one_and_done
8102,gradual_churner
8103,one_and_done
8104,sudden_churner
8105,loyal
8106,casual
8107,gradual_churner
8108,sudden_churner
8109,casual
8110,gradual_churner
8111,one_and_done
8112,loyal
8113,casual
8114,gradual_churner
8115,one_and_done
8116,gradual_churner
8117,loyal
8118,one_and_done
8119,gradual_churner
8120,loyal
8121,one_and_done
8122,casual
8123,sudden_churner
8124,casual
8125,loyal
8126,one_and_done
8127,sudden_churner
8128,casual
8129,casual
8130,gradual_churner
8131,one_and_done
8132,loyal
8133,gradual_churner
8134,gradual_churner
8135,sudden_churner
8136,loyal
8137,gradual_churner
8138,sudden_churner
8139,gradual_churner
8140,sudden_churner
8141,casual
8142,sudden_churner
8143,one_and_done
8144,gradual_churner
8145,casual
8146,one_and_done
8147,gradual_churner
8148,gradual_churner
8149,casual
8150,gradual_churner
8151,loyal
8152,sudden_churner
8153,loyal
8154,sudden_churner
8155,gradual_churner
8156,sudden_churner
8157,loyal
8158,gradual_churner
8159,one_and_done
8160,gradual_churner
8161,casual
8162,loyal
8163,loyal
8164,loyal
8165,gradual_churner
8166,sudden_churner
8167,casual
8168,loyal
8169,loyal
8170,casual
8171,gradual_churner
8172,gradual_churner
8173,loyal
8174,one_and_done
8175,one_and_done
8176,casual
8177,casual
8178,sudden_churner
8179,loyal
8180,loyal
8181,loyal
8182,gradual_churner
8183,loyal
8184,gradual_churner
8185,one_and_done
8186,casual
8187,casual
8188,casual
8189,gradual_churner
8190,one_and_done
8191,one_and_done
8192,casual
8193,casual
8194,gradual_churner
8195,gradual_churner
8196,sudden_churner
8197,sudden_churner
8198,casual
8199,casual
8200,gradual_churner
8201,one_and_done
8202,gradual_churner
8203,casual
8204,one_and_done
8205,gradual_churner
8206,sudden_churner
8207,one_and_done
8208,loyal
8209,casual
8210,gradual_churner
8211,gradual_churner
8212,gradual_churner
8213,gradual_churner
8214,casual
8215,loyal
8216,one_and_done
8217,sudden_churner
8218,sudden_churner
8219,sudden_churner
8220,loyal
8221,casual
8222,casual
8223,sudden_churner
8224,casual
8225,sudden_churner
8226,gradual_churner
8227,casual
8228,casual
8229,one_and_done
8230,casual
8231,casual
8232,loyal
8233,one_and_done
8234,sudden_churner
8235,casual
8236,gradual_churner
8237,sudden_churner
8238,gradual_churner
8239,loyal
8240,casual
8241,casual
8242,one_and_done
8243,one_and_done
8244,sudden_churner
8245,casual
8246,sudden_churner
8247,casual
8248,casual
8249,one_and_done
8250,casual
8251,gradual_churner
8252,one_and_done
8253,casual
8254,one_and_done
8255,one_and_done
8256,loyal
8257,gradual_churner
8258,loyal
8259,loyal
8260,one_and_done
8261,loyal
8262,loyal
8263,one_and_done
8264,casual
8265,gradual_churner
8266,casual
8267,loyal
8268,casual
8269,sudden_churner
8270,casual
8271,gradual_churner
8272,gradual_churner
8273,loyal
8274,one_and_done
8275,sudden_churner
8276,loyal
8277,sudden_churner
8278,casual
8279,casual
8280,casual
8281,gradual_churner
8282,sudden_churner
8283,loyal
8284,gradual_churner
8285,loyal
8286,loyal
8287,one_and_done
8288,gradual_churner
8289,gradual_churner
8290,gradual_churner
8291,one_and_done
8292,casual
8293,one_and_done
8294,loyal
8295,sudden_churner
8296,gradual_churner
8297,loyal
8298,gradual_churner
8299,casual
8300,casual
8301,sudden_churner
8302,gradual_churner
8303,casual
8304,sudden_churner
8305,gradual_churner
8306,gradual_churner
8307,sudden_churner
8308,loyal
8309,casual
8310,one_and_done
8311,loyal
8312,gradual_churner
8313,sudden_churner
8314,one_and_done
8315,loyal
8316,one_and_done
8317,casual
8318,loyal
8319,one_and_done
8320,loyal
8321,casual
8322,casual
8323,casual
8324,gradual_churner
8325,loyal
8326,one_and_done
8327,sudden_churner
8328,sudden_churner
8329,casual
8330,loyal
8331,sudden_churner
8332,gradual_churner
8333,sudden_churner
8334,casual
8335,loyal
8336,loyal
8337,gradual_churner
8338,casual
8339,gradual_churner
8340,gradual_churner
8341,casual
8342,loyal
8343,one_and_done
8344,sudden_churner
8345,casual
8346,casual
8347,loyal
8348,one_and_done
8349,one_and_done
8350,casual
8351,casual
8352,loyal
8353,gradual_churner
8354,loyal
8355,loyal
8356,casual
8357,gradual_churner
8358,gradual_churner
8359,gradual_churner
8360,gradual_churner
8361,gradual_churner
8362,gradual_churner
8363,casual
8364,gradual_churner
8365,casual
8366,gradual_churner
8367,sudden_churner
8368,one_and_done
8369,gradual_churner
8370,casual
8371,casual
8372,loyal
8373,casual
8374,casual
8375,loyal
8376,gradual_churner
8377,one_and_done
8378,gradual_churner
8379,loyal
8380,gradual_churner
8381,loyal
8382,loyal
8383,casual
8384,one_and_done
8385,loyal
8386,one_and_done
8387,one_and_done
8388,sudden_churner
8389,gradual_churner
8390,casual
8391,gradual_churner
8392,one_and_done
8393,gradual_churner
8394,gradual_churner
8395,gradual_churner
8396,sudden_churner
8397,sudden_churner
8398,sudden_churner
8399,loyal
8400,one_and_done
8401,one_and_done
8402,one_and_done
8403,casual
8404,sudden_churner
8405,sudden_churner
8406,gradual_churner
8407,loyal
8408,sudden_churner
8409,casual
8410,loyal
8411,gradual_churner
8412,gradual_churner
8413,casual
8414,gradual_churner
8415,sudden_churner
8416,one_and_done
8417,casual
8418,loyal
8419,gradual_churner
8420,sudden_churner
8421,gradual_churner
8422,sudden_churner
8423,sudden_churner
8424,loyal
8425,loyal
8426,casual
8427,sudden_churner
8428,one_and_done
8429,gradual_churner
8430,one_and_done
8431,casual
8432,gradual_churner
8433,one_and_done
8434,casual
8435,sudden_churner
8436,casual
8437,gradual_churner
8438,one_and_done
8439,gradual_churner
8440,one_and_done
8441,gradual_churner
8442,casual
8443,casual
8444,casual
8445,casual
8446,loyal
8447,loyal
8448,casual
8449,gradual_churner
8450,casual
8451,gradual_churner
8452,gradual_churner
8453,casual
8454,loyal
8455,casual
8456,loyal
8457,gradual_churner
8458,gradual_churner
8459,loyal
8460,one_and_done
8461,one_and_done
8462,casual
8463,loyal
8464,sudden_churner
8465,casual
8466,gradual_churner
8467,loyal
8468,one_and_done
8469,loyal
8470,one_and_done
8471,loyal
8472,sudden_churner
8473,one_and_done
8474,loyal
8475,one_and_done
8476,loyal
8477,gradual_churner
8478,gradual_churner
8479,loyal
8480,casual
8481,casual
8482,gradual_churner
8483,one_and_done
8484,gradual_churner
8485,one_and_done
8486,casual
8487,gradual_churner
8488,casual
8489,casual
8490,sudden_churner
8491,casual
8492,casual
8493,sudden_churner
8494,casual
8495,gradual_churner
8496,sudden_churner
8497,loyal
8498,one_and_done
8499,one_and_done
8500,loyal
8501,gradual_churner
8502,sudden_churner
8503,casual
8504,one_and_done
8505,gradual_churner
8506,sudden_churner
8507,casual
8508,gradual_churner
8509,sudden_churner
8510,loyal
8511,gradual_churner
8512,gradual_churner
8513,gradual_churner
8514,loyal
8515,gradual_churner
8516,one_and_done
8517,gradual_churner
8518,casual
8519,loyal
8520,sudden_churner
8521,loyal
8522,gradual_churner
8523,sudden_churner
8524,loyal
8525,loyal
8526,casual
8527,one_and_done
8528,gradual_churner
8529,one_and_done
8530,one_and_done
8531,casual
8532,sudden_churner
8533,loyal
8534,casual
8535,sudden_churner
8536,loyal
8537,loyal
8538,loyal
8539,one_and_done
8540,casual
8541,loyal
8542,sudden_churner
8543,one_and_done
8544,casual
8545,sudden_churner
8546,gradual_churner
8547,gradual_churner
8548,one_and_done
8549,casual
8550,sudden_churner
8551,one_and_done
8552,gradual_churner
8553,gradual_churner
8554,gradual_churner
8555,gradual_churner
8556,loyal
8557,loyal
8558,loyal
8559,casual
8560,gradual_churner
8561,casual
8562,gradual_churner
8563,sudden_churner
8564,loyal
8565,casual
8566,one_and_done
8567,casual
8568,sudden_churner
8569,gradual_churner
8570,gradual_churner
8571,casual
8572,casual
8573,sudden_churner
8574,sudden_churner
8575,casual
8576,gradual_churner
8577,gradual_churner
8578,casual
8579,loyal
8580,gradual_churner
8581,sudden_churner
8582,casual
8583,sudden_churner
8584,casual
8585,sudden_churner
8586,loyal
8587,one_and_done
8588,loyal
8589,sudden_churner
8590,loyal
8591,casual
8592,casual
8593,sudden_churner
8594,loyal
8595,one_and_done
8596,gradual_churner
8597,casual
8598,gradual_churner
8599,casual
8600,gradual_churner
8601,one_and_done
8602,casual
8603,gradual_churner
8604,sudden_churner
8605,sudden_churner
8606,casual
8607,casual
8608,one_and_done
8609,loyal
8610,gradual_churner
8611,loyal
8612,gradual_churner
8613,casual
8614,casual
8615,one_and_done
8616,gradual_churner
8617,casual
8618,casual
8619,one_and_done
8620,one_and_done
8621,casual
8622,gradual_churner
8623,gradual_churner
8624,casual
8625,loyal
8626,sudden_churner
8627,loyal
8628,loyal
8629,casual
8630,casual
8631,one_and_done
8632,gradual_churner
8633,loyal
8634,gradual_churner
8635,one_and_done
8636,gradual_churner
8637,casual
8638,sudden_churner
8639,gradual_churner
8640,loyal
8641,gradual_churner
8642,casual
8643,gradual_churner
8644,sudden_churner
8645,one_and_done
8646,gradual_churner
8647,one_and_done
8648,gradual_churner
8649,one_and_done
8650,loyal
8651,casual
8652,gradual_churner
8653,one_and_done
8654,sudden_churner
8655,one_and_done
8656,loyal
8657,gradual_churner
8658,loyal
8659,loyal
8660,casual
8661,gradual_churner
8662,loyal
8663,sudden_churner
8664,gradual_churner
8665,gradual_churner
8666,one_and_done
8667,loyal
8668,casual
8669,loyal
8670,one_and_done
8671,casual
8672,one_and_done
8673,gradual_churner
8674,one_and_done
8675,casual
8676,gradual_churner
8677,casual
8678,one_and_done
8679,one_and_done
8680,gradual_churner
8681,loyal
8682,loyal
8683,gradual_churner
8684,gradual_churner
8685,loyal
8686,one_and_done
8687,gradual_churner
8688,sudden_churner
8689,loyal
8690,loyal
8691,gradual_churner
8692,casual
8693,gradual_churner
8694,gradual_churner
8695,casual
8696,sudden_churner
8697,one_and_done
8698,casual
8699,one_and_done
8700,casual
8701,gradual_churner
8702,loyal
8703,one_and_done
8704,casual
8705,sudden_churner
8706,gradual_churner
8707,one_and_done
8708,casual
8709,gradual_churner
8710,casual
8711,sudden_churner
8712,casual
8713,sudden_churner
8714,loyal
8715,gradual_churner
8716,gradual_churner
8717,sudden_churner
8718,gradual_churner
8719,casual
8720,gradual_churner
8721,gradual_churner
8722,loyal
8723,gradual_churner
8724,gradual_churner
8725,sudden_churner
8726,gradual_churner
8727,loyal
8728,gradual_churner
8729,sudden_churner
8730,gradual_churner
8731,casual
8732,one_and_done
8733,casual
8734,loyal
8735,casual
8736,sudden_churner
8737,gradual_churner
8738,loyal
8739,loyal
8740,one_and_done
8741,loyal
8742,loyal
8743,gradual_churner
8744,sudden_churner
8745,casual
8746,sudden_churner
8747,loyal
8748,gradual_churner
8749,gradual_churner
8750,casual
8751,gradual_churner
8752,sudden_churner
8753,gradual_churner
8754,gradual_churner
8755,loyal
8756,gradual_churner
8757,gradual_churner
8758,casual
8759,gradual_churner
8760,gradual_churner
8761,casual
8762,loyal
8763,one_and_done
8764,casual
8765,gradual_churner
8766,casual
8767,one_and_done
8768,loyal
8769,one_and_done
8770,loyal
8771,gradual_churner
8772,one_and_done
8773,gradual_churner
8774,casual
8775,sudden_churner
8776,loyal
8777,casual
8778,casual
8779,gradual_churner
8780,gradual_churner
8781,gradual_churner
8782,casual
8783,sudden_churner
8784,gradual_churner
8785,casual
8786,gradual_churner
8787,loyal
8788,loyal
8789,casual
8790,loyal
8791,one_and_done
8792,gradual_churner
8793,one_and_done
8794,gradual_churner
8795,loyal
8796,loyal
8797,gradual_churner
8798,gradual_churner
8799,gradual_churner
8800,casual
8801,sudden_churner
8802,one_and_done
8803,loyal
8804,one_and_done
8805,casual
8806,loyal
8807,loyal
8808,casual
8809,sudden_churner
8810,sudden_churner
8811,gradual_churner
8812,sudden_churner
8813,sudden_churner
8814,one_and_done
8815,loyal
8816,loyal
8817,sudden_churner
8818,sudden_churner
8819,one_and_done
8820,one_and_done
8821,gradual_churner
8822,gradual_churner
8823,casual
8824,one_and_done
8825,casual
8826,loyal
8827,casual
8828,gradual_churner
8829,loyal
8830,gradual_churner
8831,gradual_churner
8832,sudden_churner
8833,gradual_churner
8834,gradual_churner
8835,one_and_done
8836,sudden_churner
8837,casual
8838,one_and_done
8839,loyal
8840,loyal
8841,sudden_churner
8842,gradual_churner
8843,gradual_churner
8844,one_and_done
8845,gradual_churner
8846,casual
8847,loyal
8848,sudden_churner
8849,gradual_churner
8850,sudden_churner
8851,gradual_churner
8852,loyal
8853,one_and_done
8854,casual
8855,gradual_churner
8856,gradual_churner
8857,casual
8858,gradual_churner
8859,sudden_churner
8860,loyal
8861,gradual_churner
8862,gradual_churner
8863,gradual_churner
8864,loyal
8865,sudden_churner
8866,one_and_done
8867,loyal
8868,casual
8869,one_and_done
8870,one_and_done
8871,loyal
8872,casual
8873,gradual_churner
8874,gradual_churner
8875,casual
8876,loyal
8877,loyal
8878,loyal
8879,loyal
8880,one_and_done
8881,gradual_churner
8882,one_and_done
8883,gradual_churner
8884,sudden_churner
8885,sudden_churner
8886,gradual_churner
8887,gradual_churner
8888,gradual_churner
8889,one_and_done
8890,gradual_churner
8891,loyal
8892,casual
8893,sudden_churner
8894,casual
8895,sudden_churner
8896,one_and_done
8897,sudden_churner
8898,one_and_done
8899,casual
8900,one_and_done
8901,one_and_done
8902,sudden_churner
8903,loyal
8904,casual
8905,one_and_done
8906,loyal
8907,one_and_done
8908,gradual_churner
8909,casual
8910,one_and_done
8911,sudden_churner
8912,sudden_churner
8913,loyal
8914,loyal
8915,loyal
8916,sudden_churner
8917,sudden_churner
8918,one_and_done
8919,one_and_done
8920,casual
8921,one_and_done
8922,gradual_churner
8923,sudden_churner
8924,one_and_done
8925,casual
8926,gradual_churner
8927,one_and_done
8928,casual
8929,one_and_done
8930,gradual_churner
8931,loyal
8932,casual
8933,sudden_churner
8934,gradual_churner
8935,gradual_churner
8936,gradual_churner
8937,casual
8938,one_and_done
8939,one_and_done
8940,casual
8941,gradual_churner
8942,casual
8943,loyal
8944,gradual_churner
8945,sudden_churner
8946,casual
8947,loyal
8948,gradual_churner
8949,gradual_churner
8950,loyal
8951,casual
8952,sudden_churner
8953,sudden_churner
8954,sudden_churner
8955,loyal
8956,loyal
8957,gradual_churner
8958,loyal
8959,sudden_churner
8960,gradual_churner
8961,gradual_churner
8962,casual
8963,casual
8964,gradual_churner
8965,casual
8966,gradual_churner
8967,one_and_done
8968,casual
8969,sudden_churner
8970,one_and_done
8971,casual
8972,one_and_done
8973,casual
8974,sudden_churner
8975,sudden_churner
8976,casual
8977,casual
8978,casual
8979,loyal
8980,one_and_done
8981,gradual_churner
8982,casual
8983,loyal
8984,one_and_done
8985,loyal
8986,loyal
8987,sudden_churner
8988,loyal
8989,gradual_churner
8990,casual
8991,loyal
8992,gradual_churner
8993,one_and_done
8994,gradual_churner
8995,casual
8996,casual
8997,casual
8998,one_and_done
8999,one_and_done
9000,one_and_done
9001,one_and_done
9002,casual
9003,gradual_churner
9004,loyal
9005,gradual_churner
9006,casual
9007,gradual_churner
9008,casual
9009,loyal
9010,gradual_churner
9011,one_and_done
9012,one_and_done
9013,casual
9014,one_and_done
9015,loyal
9016,one_and_done
9017,gradual_churner
9018,casual
9019,casual
9020,loyal
9021,gradual_churner
9022,gradual_churner
9023,one_and_done
9024,casual
9025,one_and_done
9026,loyal
9027,gradual_churner
9028,sudden_churner
9029,casual
9030,gradual_churner
9031,sudden_churner
9032,gradual_churner
9033,loyal
9034,gradual_churner
9035,one_and_done
9036,casual
9037,casual
9038,sudden_churner
9039,gradual_churner
9040,gradual_churner
9041,loyal
9042,gradual_churner
9043,loyal
9044,gradual_churner
9045,one_and_done
9046,gradual_churner
9047,sudden_churner
9048,one_and_done
9049,one_and_done
9050,loyal
9051,one_and_done
9052,casual
9053,casual
9054,gradual_churner
9055,sudden_churner
9056,sudden_churner
9057,sudden_churner
9058,loyal
9059,gradual_churner
9060,sudden_churner
9061,sudden_churner
9062,casual
9063,casual
9064,gradual_churner
9065,sudden_churner
9066,gradual_churner
9067,loyal
9068,casual
9069,one_and_done
9070,loyal
9071,one_and_done
9072,one_and_done
9073,loyal
9074,one_and_done
9075,one_and_done
9076,loyal
9077,gradual_churner
9078,casual
9079,loyal
9080,loyal
9081,sudden_churner
9082,sudden_churner
9083,sudden_churner
9084,casual
9085,casual
9086,one_and_done
9087,loyal
9088,gradual_churner
9089,gradual_churner
9090,gradual_churner
9091,casual
9092,casual
9093,gradual_churner
9094,sudden_churner
9095,loyal
9096,gradual_churner
9097,sudden_churner
9098,gradual_churner
9099,one_and_done
9100,sudden_churner
9101,casual
9102,loyal
9103,casual
9104,loyal
9105,gradual_churner
9106,casual
9107,sudden_churner
9108,casual
9109,sudden_churner
9110,sudden_churner
9111,casual
9112,one_and_done
9113,gradual_churner
9114,gradual_churner
9115,sudden_churner
9116,casual
9117,sudden_churner
9118,one_and_done
9119,gradual_churner
9120,one_and_done
9121,loyal
9122,one_and_done
9123,gradual_churner
9124,gradual_churner
9125,sudden_churner
9126,loyal
9127,gradual_churner
9128,one_and_done
9129,casual
9130,one_and_done
9131,gradual_churner
9132,one_and_done
9133,loyal
9134,one_and_done
9135,gradual_churner
9136,gradual_churner
9137,casual
9138,casual
9139,casual
9140,sudden_churner
9141,gradual_churner
9142,gradual_churner
9143,loyal
9144,gradual_churner
9145,loyal
9146,loyal
9147,casual
9148,casual
9149,casual
9150,sudden_churner
9151,gradual_churner
9152,gradual_churner
9153,casual
9154,loyal
9155,loyal
9156,one_and_done
9157,loyal
9158,gradual_churner
9159,one_and_done
9160,sudden_churner
9161,casual
9162,casual
9163,sudden_churner
9164,sudden_churner
9165,one_and_done
9166,loyal
9167,casual
9168,loyal
9169,casual
9170,gradual_churner
9171,casual
9172,loyal
9173,one_and_done
9174,casual
9175,loyal
9176,loyal
9177,gradual_churner
9178,one_and_done
9179,gradual_churner
9180,one_and_done
9181,one_and_done
9182,gradual_churner
9183,one_and_done
9184,sudden_churner
9185,casual
9186,sudden_churner
9187,casual
9188,gradual_churner
9189,gradual_churner
9190,one_and_done
9191,gradual_churner
9192,loyal
9193,sudden_churner
9194,sudden_churner
9195,sudden_churner
9196,casual
9197,casual
9198,one_and_done
9199,gradual_churner
9200,loyal
9201,gradual_churner
9202,sudden_churner
9203,casual
9204,loyal
9205,gradual_churner
9206,sudden_churner
9207,gradual_churner
9208,gradual_churner
9209,casual
9210,casual
9211,one_and_done
9212,loyal
9213,gradual_churner
9214,gradual_churner
9215,casual
9216,gradual_churner
9217,one_and_done
9218,gradual_churner
9219,loyal
9220,one_and_done
9221,sudden_churner
9222,casual
9223,loyal
9224,gradual_churner
9225,casual
9226,gradual_churner
9227,casual
9228,loyal
9229,gradual_churner
9230,gradual_churner
9231,one_and_done
9232,sudden_churner
9233,casual
9234,gradual_churner
9235,casual
9236,gradual_churner
9237,loyal
9238,gradual_churner
9239,sudden_churner
9240,gradual_churner
9241,casual
9242,casual
9243,gradual_churner
9244,gradual_churner
9245,loyal
9246,gradual_churner
9247,one_and_done
9248,loyal
9249,gradual_churner
9250,casual
9251,one_and_done
9252,casual
9253,gradual_churner
9254,gradual_churner
9255,gradual_churner
9256,gradual_churner
9257,loyal
9258,one_and_done
9259,sudden_churner
9260,casual
9261,loyal
9262,loyal
9263,casual
9264,sudden_churner
9265,one_and_done
9266,loyal
9267,sudden_churner
9268,gradual_churner
9269,one_and_done
9270,gradual_churner
9271,one_and_done
9272,gradual_churner
9273,loyal
9274,gradual_churner
9275,casual
9276,loyal
9277,sudden_churner
9278,sudden_churner
9279,casual
9280,gradual_churner
9281,one_and_done
9282,gradual_churner
9283,one_and_done
9284,casual
9285,sudden_churner
9286,loyal
9287,casual
9288,one_and_done
9289,one_and_done
9290,casual
9291,gradual_churner
9292,gradual_churner
9293,gradual_churner
9294,gradual_churner
9295,gradual_churner
9296,one_and_done
9297,casual
9298,casual
9299,casual
9300,casual
9301,loyal
9302,gradual_churner
9303,sudden_churner
9304,loyal
9305,one_and_done
9306,gradual_churner
9307,one_and_done
9308,gradual_churner
9309,loyal
9310,casual
9311,gradual_churner
9312,casual
9313,sudden_churner
9314,sudden_churner
9315,loyal
9316,gradual_churner
9317,gradual_churner
9318,loyal
9319,gradual_churner
9320,gradual_churner
9321,casual
9322,one_and_done
9323,sudden_churner
9324,casual
9325,sudden_churner
9326,gradual_churner
9327,gradual_churner
9328,gradual_churner
9329,casual
9330,gradual_churner
9331,gradual_churner
9332,gradual_churner
9333,one_and_done
9334,sudden_churner
9335,loyal
9336,casual
9337,loyal
9338,sudden_churner
9339,sudden_churner
9340,gradual_churner
9341,gradual_churner
9342,gradual_churner
9343,casual
9344,sudden_churner
9345,one_and_done
9346,sudden_churner
9347,casual
9348,sudden_churner
9349,one_and_done
9350,sudden_churner
9351,loyal
9352,one_and_done
9353,one_and_done
9354,loyal
9355,gradual_churner
9356,gradual_churner
9357,casual
9358,gradual_churner
9359,sudden_churner
9360,sudden_churner
9361,loyal
9362,one_and_done
9363,gradual_churner
9364,casual
9365,loyal
9366,gradual_churner
9367,casual
9368,casual
9369,gradual_churner
9370,gradual_churner
9371,sudden_churner
9372,one_and_done
9373,gradual_churner
9374,loyal
9375,casual
9376,casual
9377,casual
9378,gradual_churner
9379,sudden_churner
9380,casual
9381,loyal
9382,casual
9383,casual
9384,loyal
9385,gradual_churner
9386,gradual_churner
9387,gradual_churner
9388,casual
9389,loyal
9390,gradual_churner
9391,sudden_churner
9392,sudden_churner
9393,one_and_done
9394,one_and_done
9395,loyal
9396,gradual_churner
9397,gradual_churner
9398,gradual_churner
9399,loyal
9400,gradual_churner
9401,casual
9402,loyal
9403,loyal
9404,loyal
9405,casual
9406,one_and_done
9407,gradual_churner
9408,sudden_churner
9409,one_and_done
9410,one_and_done
9411,loyal
9412,gradual_churner
9413,one_and_done
9414,gradual_churner
9415,one_and_done
9416,casual
9417,casual
9418,casual
9419,one_and_done
9420,gradual_churner
9421,one_and_done
9422,gradual_churner
9423,loyal
9424,casual
9425,gradual_churner
9426,loyal
9427,loyal
9428,one_and_done
9429,loyal
9430,sudden_churner
9431,gradual_churner
9432,casual
9433,one_and_done
9434,one_and_done
9435,gradual_churner
9436,one_and_done
9437,gradual_churner
9438,casual
9439,loyal
9440,loyal
9441,casual
9442,gradual_churner
9443,casual
9444,gradual_churner
9445,gradual_churner
9446,gradual_churner
9447,sudden_churner
9448,sudden_churner
9449,gradual_churner
9450,loyal
9451,one_and_done
9452,loyal
9453,gradual_churner
9454,sudden_churner
9455,casual
9456,sudden_churner
9457,casual
9458,gradual_churner
9459,sudden_churner
9460,casual
9461,casual
9462,casual
9463,gradual_churner
9464,casual
9465,one_and_done
9466,one_and_done
9467,sudden_churner
9468,casual
9469,casual
9470,casual
9471,casual
9472,sudden_churner
9473,gradual_churner
9474,one_and_done
9475,gradual_churner
9476,gradual_churner
9477,loyal
9478,casual
9479,casual
9480,casual
9481,sudden_churner
9482,sudden_churner
9483,sudden_churner
9484,gradual_churner
9485,gradual_churner
9486,one_and_done
9487,loyal
9488,casual
9489,sudden_churner
9490,loyal
9491,one_and_done
9492,sudden_churner
9493,casual
9494,gradual_churner
9495,sudden_churner
9496,casual
9497,gradual_churner
9498,gradual_churner
9499,gradual_churner
9500,one_and_done
9501,loyal
9502,sudden_churner
9503,one_and_done
9504,loyal
9505,gradual_churner
9506,casual
9507,sudden_churner
9508,sudden_churner
9509,sudden_churner
9510,sudden_churner
9511,loyal
9512,sudden_churner
9513,one_and_done
9514,casual
9515,gradual_churner
9516,casual
9517,sudden_churner
9518,one_and_done
9519,gradual_churner
9520,casual
9521,gradual_churner
9522,sudden_churner
9523,sudden_churner
9524,sudden_churner
9525,gradual_churner
9526,gradual_churner
9527,loyal
9528,loyal
9529,casual
9530,loyal
9531,casual
9532,sudden_churner
9533,casual
9534,one_and_done
9535,gradual_churner
9536,casual
9537,gradual_churner
9538,sudden_churner
9539,sudden_churner
9540,gradual_churner
9541,one_and_done
9542,casual
9543,loyal
9544,loyal
9545,one_and_done
9546,casual
9547,gradual_churner
9548,loyal
9549,gradual_churner
9550,casual
9551,casual
9552,loyal
9553,one_and_done
9554,gradual_churner
9555,casual
9556,casual
9557,one_and_done
9558,gradual_churner
9559,gradual_churner
9560,loyal
9561,casual
9562,loyal
9563,loyal
9564,casual
9565,loyal
9566,one_and_done
9567,gradual_churner
9568,loyal
9569,sudden_churner
9570,one_and_done
9571,sudden_churner
9572,gradual_churner
9573,casual
9574,loyal
9575,casual
9576,sudden_churner
9577,casual
9578,sudden_churner
9579,loyal
9580,gradual_churner
9581,casual
9582,casual
9583,one_and_done
9584,loyal
9585,loyal
9586,loyal
9587,loyal
9588,gradual_churner
9589,gradual_churner
9590,loyal
9591,gradual_churner
9592,gradual_churner
9593,sudden_churner
9594,gradual_churner
9595,one_and_done
9596,loyal
9597,one_and_done
9598,one_and_done
9599,casual
9600,one_and_done
9601,casual
9602,sudden_churner
9603,gradual_churner
9604,casual
9605,sudden_churner
9606,one_and_done
9607,loyal
9608,casual
9609,loyal
9610,casual
9611,casual
9612,casual
9613,gradual_churner
9614,sudden_churner
9615,gradual_churner
9616,casual
9617,gradual_churner
9618,gradual_churner
9619,one_and_done
9620,gradual_churner
9621,one_and_done
9622,sudden_churner
9623,gradual_churner
9624,gradual_churner
9625,one_and_done
9626,casual
9627,sudden_churner
9628,one_and_done
9629,sudden_churner
9630,gradual_churner
9631,casual
9632,sudden_churner
9633,casual
9634,one_and_done
9635,gradual_churner
9636,loyal
9637,casual
9638,one_and_done
9639,casual
9640,gradual_churner
9641,gradual_churner
9642,casual
9643,casual
9644,one_and_done
9645,loyal
9646,loyal
9647,loyal
9648,sudden_churner
9649,one_and_done
9650,gradual_churner
9651,loyal
9652,gradual_churner
9653,casual
9654,gradual_churner
9655,casual
9656,gradual_churner
9657,gradual_churner
9658,casual
9659,gradual_churner
9660,loyal
9661,one_and_done
9662,sudden_churner
9663,one_and_done
9664,gradual_churner
9665,loyal
9666,loyal
9667,loyal
9668,gradual_churner
9669,one_and_done
9670,sudden_churner
9671,loyal
9672,casual
9673,one_and_done
9674,loyal
9675,casual
9676,sudden_churner
9677,gradual_churner
9678,gradual_churner
9679,gradual_churner
9680,loyal
9681,loyal
9682,sudden_churner
9683,loyal
9684,casual
9685,loyal
9686,casual
9687,one_and_done
9688,loyal
9689,gradual_churner
9690,one_and_done
9691,casual
9692,casual
9693,casual
9694,one_and_done
9695,one_and_done
9696,loyal
9697,gradual_churner
9698,casual
9699,casual
9700,casual
9701,loyal
9702,casual
9703,gradual_churner
9704,sudden_churner
9705,one_and_done
9706,casual
9707,gradual_churner
9708,casual
9709,loyal
9710,sudden_churner
9711,one_and_done
9712,gradual_churner
9713,loyal
9714,casual
9715,casual
9716,loyal
9717,sudden_churner
9718,sudden_churner
9719,sudden_churner
9720,one_and_done
9721,gradual_churner
9722,casual
9723,one_and_done
9724,gradual_churner
9725,casual
9726,one_and_done
9727,gradual_churner
9728,loyal
9729,casual
9730,sudden_churner
9731,gradual_churner
9732,casual
9733,loyal
9734,casual
9735,loyal
9736,gradual_churner
9737,casual
9738,sudden_churner
9739,gradual_churner
9740,one_and_done
9741,casual
9742,loyal
9743,gradual_churner
9744,loyal
9745,gradual_churner
9746,sudden_churner
9747,loyal
9748,sudden_churner
9749,one_and_done
9750,casual
9751,gradual_churner
9752,one_and_done
9753,loyal
9754,sudden_churner
9755,gradual_churner
9756,loyal
9757,casual
9758,casual
9759,one_and_done
9760,loyal
9761,gradual_churner
9762,one_and_done
9763,casual
9764,sudden_churner
9765,one_and_done
9766,casual
9767,gradual_churner
9768,gradual_churner
9769,one_and_done
9770,sudden_churner
9771,gradual_churner
9772,casual
9773,casual
9774,casual
9775,gradual_churner
9776,loyal
9777,loyal
9778,casual
9779,gradual_churner
9780,casual
9781,casual
9782,casual
9783,sudden_churner
9784,casual
9785,gradual_churner
9786,gradual_churner
9787,sudden_churner
9788,loyal
9789,gradual_churner
9790,loyal
9791,sudden_churner
9792,one_and_done
9793,sudden_churner
9794,loyal
9795,casual
9796,loyal
9797,casual
9798,gradual_churner
9799,casual
9800,sudden_churner
9801,gradual_churner
9802,loyal
9803,casual
9804,loyal
9805,gradual_churner
9806,casual
9807,sudden_churner
9808,loyal
9809,casual
9810,loyal
9811,loyal
9812,gradual_churner
9813,casual
9814,loyal
9815,casual
9816,gradual_churner
9817,casual
9818,casual
9819,gradual_churner
9820,gradual_churner
9821,gradual_churner
9822,sudden_churner
9823,gradual_churner
9824,casual
9825,gradual_churner
9826,gradual_churner
9827,loyal
9828,casual
9829,one_and_done
9830,sudden_churner
9831,casual
9832,gradual_churner
9833,loyal
9834,sudden_churner
9835,loyal
9836,casual
9837,casual
9838,one_and_done
9839,gradual_churner
9840,loyal
9841,sudden_churner
9842,casual
9843,gradual_churner
9844,one_and_done
9845,sudden_churner
9846,gradual_churner
9847,gradual_churner
9848,casual
9849,casual
9850,gradual_churner
9851,one_and_done
9852,gradual_churner
9853,loyal
9854,sudden_churner
9855,gradual_churner
9856,casual
9857,casual
9858,casual
9859,gradual_churner
9860,one_and_done
9861,sudden_churner
9862,loyal
9863,loyal
9864,loyal
9865,gradual_churner
9866,gradual_churner
9867,gradual_churner
9868,gradual_churner
9869,one_and_done
9870,sudden_churner
9871,casual
9872,gradual_churner
9873,gradual_churner
9874,casual
9875,casual
9876,sudden_churner
9877,casual
9878,casual
9879,casual
9880,gradual_churner
9881,sudden_churner
9882,sudden_churner
9883,sudden_churner
9884,gradual_churner
9885,loyal
9886,sudden_churner
9887,casual
9888,casual
9889,sudden_churner
9890,one_and_done
9891,casual
9892,casual
9893,casual
9894,casual
9895,sudden_churner
9896,casual
9897,one_and_done
9898,gradual_churner
9899,casual
9900,loyal
9901,sudden_churner
9902,loyal
9903,one_and_done
9904,sudden_churner
9905,one_and_done
9906,casual
9907,sudden_churner
9908,one_and_done
9909,loyal
9910,gradual_churner
9911,casual
9912,one_and_done
9913,one_and_done
9914,one_and_done
9915,sudden_churner
9916,casual
9917,casual
9918,loyal
9919,casual
9920,casual
9921,one_and_done
9922,casual
9923,one_and_done
9924,gradual_churner
9925,loyal
9926,loyal
9927,casual
9928,casual
9929,loyal
9930,gradual_churner
9931,loyal
9932,loyal
9933,casual
9934,loyal
9935,loyal
9936,sudden_churner
9937,sudden_churner
9938,casual
9939,gradual_churner
9940,casual
9941,sudden_churner
9942,gradual_churner
9943,gradual_churner
9944,gradual_churner
9945,gradual_churner
9946,loyal
9947,casual
9948,gradual_churner
9949,gradual_churner
9950,casual
9951,one_and_done
9952,sudden_churner
9953,gradual_churner
9954,one_and_done
9955,casual
9956,gradual_churner
9957,one_and_done
9958,gradual_churner
9959,casual
9960,gradual_churner
9961,loyal
9962,casual
9963,one_and_done
9964,loyal
9965,casual
9966,loyal
9967,gradual_churner
9968,one_and_done
9969,sudden_churner
9970,gradual_churner
9971,casual
9972,casual
9973,casual
9974,one_and_done
9975,gradual_churner
9976,casual
9977,sudden_churner
9978,one_and_done
9979,gradual_churner
9980,casual
9981,casual
9982,gradual_churner
9983,one_and_done
9984,loyal
9985,one_and_done
9986,casual
9987,loyal
9988,casual
9989,one_and_done
9990,gradual_churner
9991,sudden_churner
9992,sudden_churner
9993,loyal
9994,gradual_churner
9995,loyal
9996,sudden_churner
9997,gradual_churner
9998,one_and_done
9999,one_and_done
10000,loyal
